2312,Fri,3
2312,Mon,2
2312,Sat,1
2312,Sun,1
2312,Wed,2
12 Steps Down,Fri,1
12 Steps Down,Mon,24
151 SALOON,Fri,1
151 SALOON,Mon,1
151 SALOON,Sun,1
151 SALOON,Tue,3
2nd Street Brew House,Fri,6
2nd Street Brew House,Mon,1
2nd Street Brew House,Thu,3
2nd Street Brew House,Tue,1
320 Market Cafe Media,Fri,1
320 Market Cafe Media,Mon,1
320 Market Cafe Media,Tue,7
320 Market Cafe Media,Wed,1
320 Market Cafe Swarthmore,Fri,8
320 Market Cafe Swarthmore,Mon,12
320 Market Cafe Swarthmore,Sat,3
320 Market Cafe Swarthmore,Sun,4
320 Market Cafe Swarthmore,Tue,44
320 Market Cafe Swarthmore,Wed,1
3RD AND GIRARD,Fri,1
3RD AND GIRARD,Sat,1
3RD AND GIRARD,Thu,1
50 YARD LINE,Thu,1
50 YARD LINE,Tue,1
59 Almshouse,Wed,1
A Piermani & Son,Fri,3
A Piermani & Son,Mon,6
A Piermani & Son,Sat,1
A Piermani & Son,Thu,1
A Piermani & Son,Tue,3
A Piermani & Son,Wed,8
A.Kitchen,Fri,1
A.Kitchen,Mon,2
A.Kitchen,Sat,1
A.Kitchen,Sun,1
A.Kitchen,Thu,1
ABE'S ALLENTOWN,Fri,1
ABE'S ALLENTOWN,Mon,2
ABE'S ALLENTOWN,Tue,2
ABES BETHLEHEM,Fri,15
ABES BETHLEHEM,Mon,10
ABES BETHLEHEM,Sat,3
ABES BETHLEHEM,Sun,1
ABES BETHLEHEM,Thu,2
ABES BETHLEHEM,Tue,13
ABES BETHLEHEM,Wed,2
ACME CONCORDVILLE,Fri,9
ACME CONCORDVILLE,Mon,8
ACME CONCORDVILLE,Sat,1
ACME CONCORDVILLE,Sun,4
ACME CONCORDVILLE,Thu,9
ACME CONCORDVILLE,Tue,5
ACME CONCORDVILLE,Wed,1
ACME DEVON,Fri,8
ACME DEVON,Mon,3
ACME DEVON,Sat,8
ACME DEVON,Sun,11
ACME DEVON,Thu,3
ACME DEVON,Tue,2
ACME DOYLESTOWN ,Fri,8
ACME DOYLESTOWN ,Mon,3
ACME DOYLESTOWN ,Sat,7
ACME DOYLESTOWN ,Tue,1
ACME DOYLESTOWN ,Wed,4
ACME FLOURTOWN,Fri,5
ACME FLOURTOWN,Mon,3
ACME FLOURTOWN,Sun,4
ACME FLOURTOWN,Thu,3
ACME FLOURTOWN,Tue,6
ACME GRANITE RUN,Fri,8
ACME GRANITE RUN,Mon,8
ACME GRANITE RUN,Sat,1
ACME GRANITE RUN,Sun,21
ACME GRANITE RUN,Thu,1
ACME GRANITE RUN,Tue,14
ACME GRANITE RUN,Wed,3
ACME RED LION ROAD,Mon,2
ACME SOUTH PHILLY,Fri,4
ACME SOUTH PHILLY,Mon,2
ACME SOUTH PHILLY,Sat,2
ACME SOUTH PHILLY,Thu,1
ACME SOUTH PHILLY,Tue,9
ACME SOUTH PHILLY,Wed,4
ALE HOUSE NEWTOWN SQUARE,Thu,1
ALOOSH,Fri,1
ALSACE ALES,Mon,1
AMERICAN BAR & GRILL,Thu,1
AMERICAN BAR & GRILL,Tue,1
ANASTASI RAW BAR,Fri,1
ANASTASI RAW BAR,Mon,2
ANASTASI RAW BAR,Thu,3
ANASTASI RAW BAR,Tue,1
ANASTASI RAW BAR,Wed,1
ANTHONY'S COAL FIRED (HORSHAM) 9999,Mon,2
ANTHONY'S COAL FIRED (HORSHAM) 9999,Thu,2
ANTHONY'S COAL FIRED EXTON (9999),Sun,1
ANTHONY'S COAL FIRED EXTON (9999),Tue,1
APPLEBEES CENTER CITY,Fri,1
APPLEBEES CENTER CITY,Thu,1
APPLEBEES CENTER CITY,Tue,1
APPLEBEES CENTER CITY,Wed,1
APPLEBEES ROXBOROUGH,Thu,2
APPLEBEES ROXBOROUGH,Tue,2
APPLEBEES ROYERSFORD,Fri,3
APPLEBEES ROYERSFORD,Mon,1
APPLEBEES ROYERSFORD,Thu,1
APPLEBEES ROYERSFORD,Tue,1
APPLEBEES ROYERSFORD,Wed,1
ARTS BALLROOM (99),Fri,1
ASHTON BEVERAGE CO.,Fri,2
ASHTON BEVERAGE CO.,Mon,1
ASHTON BEVERAGE CO.,Tue,2
AUDUBON ALE HOUSE,Fri,1
AUDUBON ALE HOUSE,Mon,1
AUDUBON ALE HOUSE,Tue,1
AUDUBON ALE HOUSE,Wed,3
Abbaye,Thu,1
Acker Beverage,Thu,1
Acker Beverage,Tue,1
Acker Beverage,Wed,1
Alla Spinna,Fri,2
Alla Spinna,Sat,1
Alla Spinna,Sun,1
Alla Spinna,Thu,2
Alla Spinna,Tue,1
Allegro Pizza,Thu,1
Amada,Mon,1
Amada,Sat,2
Amada,Sun,2
Amada,Thu,1
Amada,Tue,4
Amada,Wed,2
Ambler Beverage Exchange,Fri,9
Ambler Beverage Exchange,Mon,23
Ambler Beverage Exchange,Sat,4
Ambler Beverage Exchange,Thu,1
Ambler Beverage Exchange,Tue,3
Ambler Beverage Exchange,Wed,1
American Sardine Bar,Fri,10
American Sardine Bar,Thu,2
American Sardine Bar,Tue,3
American Sardine Bar,Wed,6
Amity 1st Stop Beverage,Thu,1
Amity 1st Stop Beverage,Tue,2
Animal Rescue Partners,Sat,1
Animal Rescue Partners,Wed,1
Applebrook Golf Club,Mon,1
Applebrook Golf Club,Thu,5
Applebrook Golf Club,Wed,2
Aramark At Citizens Bank Park,Fri,1
Aramark At Citizens Bank Park,Sat,1
Arcweb %$%$,Fri,1
Arena Bar & Grill,Mon,1
Arena Bar & Grill,Thu,1
Arena Bar & Grill,Wed,1
Aston Beverage,Fri,5
Aston Beverage,Mon,5
Aston Beverage,Sun,1
Aston Beverage,Thu,1
Aston Beverage,Tue,5
Audubon Beverage,Fri,2
Audubon Beverage,Mon,1
Audubon Beverage,Sat,1
Audubon Beverage,Tue,2
Audubon Beverage,Wed,2
Austin Beverage,Fri,18
Austin Beverage,Mon,11
Austin Beverage,Sat,2
Austin Beverage,Sun,1
Austin Beverage,Tue,2
B & B Beverage,Fri,25
B & B Beverage,Mon,30
B & B Beverage,Sat,7
B & B Beverage,Sun,1
B & B Beverage,Thu,1
B & B Beverage,Tue,11
B & B Beverage,Wed,6
BAR ,Wed,1
BAR BOMBON,Fri,2
BAR BOMBON,Mon,2
BAR BOMBON,Thu,2
BAR BOMBON,Tue,2
BAR BOMBON,Wed,1
BAR HYGGE,Thu,1
BAR HYGGE,Wed,1
BAR-LY,Fri,1
BAR-LY,Mon,2
BAR-LY,Thu,1
BAR-LY,Tue,2
BAR-LY,Wed,1
BEER BARON,Tue,1
BEER BARON,Wed,1
BEER LOVE(%%%%),Fri,2
BEER LOVE(%%%%),Mon,2
BEER LOVE(%%%%),Sat,6
BEER LOVE(%%%%),Sun,4
BEER LOVE(%%%%),Thu,2
BEER LOVE(%%%%),Wed,2
BEER TOWN,Tue,1
BEER TOWN,Wed,1
BERKS BEER OUTLET,Mon,1
BERNIE'S,Wed,2
BIERSTUBE,Thu,2
BIG TOP BEVERAGE PHILLY,Fri,2
BIG TOP BEVERAGE PHILLY,Mon,4
BIG TOP BEVERAGE PHILLY,Tue,2
BIG TOP BEVERAGE PHILLY,Wed,1
BIG TOP BEVERAGE ROSLYN,Fri,23
BIG TOP BEVERAGE ROSLYN,Mon,37
BIG TOP BEVERAGE ROSLYN,Sat,4
BIG TOP BEVERAGE ROSLYN,Sun,1
BIG TOP BEVERAGE ROSLYN,Thu,2
BIG TOP BEVERAGE ROSLYN,Tue,3
BIG TOP BEVERAGE ROSLYN,Wed,11
BIG WOODY'S,Mon,1
BIKE STOP,Sun,1
BIKE STOP,Wed,1
BIRDSBORO BEVERAGE,Fri,1
BIRDSBORO BEVERAGE,Tue,1
BIRDSBORO BEVERAGE,Wed,1
BLACK POWDER TAVERN,Mon,1
BLARNEY STONE WEST CHESTER,Fri,2
BLARNEY STONE WEST CHESTER,Sat,2
BLARNEY STONE WEST CHESTER,Sun,1
BLARNEY STONE WEST CHESTER,Thu,1
BLARNEY STONE WEST CHESTER,Tue,3
BLARNEY STONE WEST CHESTER,Wed,2
BLUECADET,Tue,1
"BOTTLES, PACKS & GROWLERS",Fri,6
"BOTTLES, PACKS & GROWLERS",Thu,1
"BOTTLES, PACKS & GROWLERS",Tue,2
"BOTTLES, PACKS & GROWLERS",Wed,1
BREAKAGE,Fri,3
BREAKAGE,Mon,4
BREAKAGE,Sat,1
BREAKAGE,Thu,2
BREAKAGE,Tue,2
BREAKAGE,Wed,1
BREW COFFEE BAR,Fri,3
BREW COFFEE BAR,Mon,4
BREW COFFEE BAR,Thu,2
BREW COFFEE BAR,Tue,7
BREW COFFEE BAR,Wed,1
BRICK AND BARREL,Fri,2
BRICK AND BARREL,Thu,3
BRICK AND BARREL,Wed,1
BRICK AND BREW,Sun,1
BRICK AND BREW,Tue,3
BRICK AND BREW,Wed,2
BRICK AND MORTAR,Fri,1
BRICK AND MORTAR,Tue,2
BRICK AND MORTAR,Wed,1
BRIDGIDS,Sat,1
BRIDGIDS,Wed,1
BROAD STREET ALE CAFE,Fri,2
BROAD STREET ALE CAFE,Mon,4
BROAD STREET ALE CAFE,Sun,1
BROAD STREET ALE CAFE,Wed,1
BROWN ST PUB,Fri,5
BROWN ST PUB,Mon,2
BROWN ST PUB,Thu,1
BROWN ST PUB,Tue,3
BROWN ST PUB,Wed,2
BROWNIE'S PUB,Fri,2
BRU CRAFT AND WURST,Fri,13
BRU CRAFT AND WURST,Mon,5
BRU CRAFT AND WURST,Sat,2
BRU CRAFT AND WURST,Thu,6
BRU CRAFT AND WURST,Tue,8
BRU CRAFT AND WURST,Wed,5
BUCKMINSTER'S,Fri,1
BUCKMINSTER'S,Tue,1
BUCKMINSTER'S,Wed,1
BUTCHER & BARKEEP,Fri,5
BUTCHER & BARKEEP,Mon,3
BUTCHER & BARKEEP,Sat,1
BUTCHER & BARKEEP,Tue,3
BUTCHER & BARKEEP,Wed,4
Back Alley Beverage,Fri,1
Back Alley Beverage,Mon,11
Back Alley Beverage,Tue,10
Back Alley Beverage,Wed,4
Backyard Alehouse,Fri,3
Backyard Alehouse,Mon,1
Backyard Alehouse,Thu,2
Backyard Alehouse,Tue,12
Backyard Alehouse,Wed,1
Baggataway Tavern,Fri,2
Baggataway Tavern,Mon,5
Baggataway Tavern,Sat,2
Baggataway Tavern,Tue,4
Baggataway Tavern,Wed,2
Bailey's Bar & Grill,Fri,2
Bailey's Bar & Grill,Mon,6
Bailey's Bar & Grill,Sun,4
Bailey's Bar & Grill,Wed,3
Bainbridge Street Barrel House,Fri,11
Bainbridge Street Barrel House,Mon,11
Bainbridge Street Barrel House,Sat,14
Bainbridge Street Barrel House,Sun,3
Bainbridge Street Barrel House,Thu,1
Bainbridge Street Barrel House,Tue,6
Bainbridge Street Barrel House,Wed,3
Ballast Point Brewing Co.,Fri,1
Ballast Point Brewing Co.,Mon,5
Ballast Point Brewing Co.,Thu,4
Ballast Point Brewing Co.,Tue,7
Ballast Point Brewing Co.,Wed,6
Bar 31,Fri,1
Bar 31,Mon,2
Bar 31,Thu,1
Bar 31,Tue,1
Barbone Beverage ,Fri,2
Barbone Beverage ,Mon,2
Barbone Beverage ,Thu,2
Barbone Beverage ,Tue,1
Barbone Beverage ,Wed,1
Barcade,Fri,1
Barcade,Mon,1
Barcade,Sat,2
Barcade,Wed,2
Bare Burger ($%$%),Fri,1
Bare Burger ($%$%),Mon,1
Bare Burger ($%$%),Thu,1
Barley Mow,Fri,12
Barley Mow,Mon,11
Barley Mow,Sat,1
Barley Mow,Thu,6
Barley Mow,Tue,16
Barley Mow,Wed,7
Barnaby's Of America HAVERTOWN,Tue,2
Barren Hill,Tue,3
Barren Hill,Wed,1
Beast And Ale,Fri,1
Beast And Ale,Mon,3
"Beer Boys, Dych Inc.",Mon,1
Beer City - Philadelphia,Fri,3
Beer City - Philadelphia,Mon,2
Beer City - Philadelphia,Thu,1
Beer City - Philadelphia,Tue,1
Beer City - Philadelphia,Wed,2
Beer City - Quakertown,Fri,6
Beer City - Quakertown,Mon,9
Beer City - Quakertown,Sat,1
Beer City - Quakertown,Sun,2
Beer City - Quakertown,Tue,6
Beer City - Quakertown,Wed,4
Beer Co,Fri,6
Beer Co,Sat,2
Beer Co,Thu,4
Beer Co,Tue,2
Beer Co,Wed,2
Beer Guys,Fri,2
Beer Guys,Mon,4
Beer Guys,Sun,2
Beer Guys,Thu,1
Beer Guys,Tue,12
Beer Guys,Wed,2
Beer Heaven,Fri,21
Beer Heaven,Mon,11
Beer Heaven,Sat,10
Beer Heaven,Sun,3
Beer Heaven,Thu,1
Beer Heaven,Tue,5
Beer Heaven,Wed,2
Beer Mart - Morrisville,Fri,1
Beer Mart - Morrisville,Tue,2
Beer Mart - Reading,Fri,27
Beer Mart - Reading,Mon,13
Beer Mart - Reading,Sat,2
Beer Mart - Reading,Sun,1
Beer Mart - Reading,Thu,17
Beer Mart - Reading,Tue,3
Beer Mart - Reading,Wed,3
Beer Mill,Fri,6
Beer Mill,Mon,20
Beer Mill,Sat,1
Beer Mill,Sun,2
Beer Mill,Tue,8
Beer Outlet,Fri,15
Beer Outlet,Mon,2
Beer Outlet,Tue,3
Beer Outlet,Wed,12
Beer Peddlers,Fri,1
Beer Peddlers,Thu,2
Beer Peddlers,Tue,2
Beer Peddlers,Wed,3
Beer Stop Colmar,Fri,1
Beer Stop Colmar,Mon,13
Beer Stop Colmar,Thu,1
Beer Stop Colmar,Tue,3
Beer Stop Colmar,Wed,1
Beer Store Malvern,Fri,4
Beer Store Malvern,Mon,3
Beer Store Malvern,Sat,2
Beer Store Malvern,Sun,3
Beer Store Malvern,Thu,2
Beer Store Malvern,Tue,5
Beer Store Malvern,Wed,1
Beer Store Southampton,Tue,1
Beer Super Inc.,Fri,1
Beer World,Fri,25
Beer World,Mon,12
Beer World,Sat,2
Beer World,Tue,2
Beer World,Wed,9
Beer Yard,Fri,32
Beer Yard,Mon,21
Beer Yard,Sat,4
Beer Yard,Sun,30
Beer Yard,Thu,4
Beer Yard,Tue,17
Beer Yard,Wed,3
Beer-A-Rama,Fri,2
Beer-A-Rama,Mon,1
Beer-A-Rama,Tue,1
Beer-A-Rama,Wed,2
"Beers, Etc.",Fri,1
"Beers, Etc.",Mon,6
"Beers, Etc.",Tue,2
"Beers, Etc.",Wed,6
Belgian Cafe,Tue,1
Bell Beverage Inc.,Fri,7
Bell Beverage Inc.,Mon,2
Bell Beverage Inc.,Sun,1
Bell Beverage Inc.,Thu,3
Bell Beverage Inc.,Tue,5
Bell Beverage Inc.,Wed,2
Bell Hall,Tue,3
Bell Hall,Wed,3
Ben Franklin Beer,Fri,2
Ben Franklin Beer,Thu,1
Ben Franklin Beer,Wed,2
Bensalem Beer Distributors,Fri,32
Bensalem Beer Distributors,Mon,13
Bensalem Beer Distributors,Sat,4
Bensalem Beer Distributors,Sun,2
Bensalem Beer Distributors,Tue,3
Bensalem Beer Distributors,Wed,13
Bertucci's (Montgomeryville),Tue,1
Beverage Stop,Mon,1
Beverage World,Fri,4
Beverage World,Mon,10
Beverage World,Tue,4
Beverage Zone,Thu,2
Beverage Zone,Wed,13
Bill Murphy's Irish Saloon,Fri,4
Bill Murphy's Irish Saloon,Thu,2
Birra,Thu,1
Birra,Tue,1
Bistro on Bridge,Fri,6
Bistro on Bridge,Mon,4
Bistro on Bridge,Sat,1
Bistro on Bridge,Tue,3
Bistro on Bridge,Wed,6
Black Taxi,Fri,1
Black Taxi,Sun,2
Black Taxi,Thu,1
Black Taxi,Tue,1
Black Taxi,Wed,1
Blind Pig,Mon,1
Bloktoberfest Inc.,Mon,3
Bloktoberfest Inc.,Thu,6
Bloktoberfest Inc.,Tue,8
Blue Dog Pub (Lansdale),Fri,5
Blue Dog Pub (Lansdale),Mon,6
Blue Dog Pub (Lansdale),Sun,1
Blue Dog Pub (Lansdale),Thu,2
Blue Dog Pub (Lansdale),Wed,5
Blue Dog Tavern (Chalfont),Fri,4
Blue Dog Tavern (Chalfont),Mon,7
Blue Dog Tavern (Chalfont),Sun,1
Blue Dog Tavern (Chalfont),Thu,2
Blue Dog Tavern (Chalfont),Wed,4
Bob & Barbaras,Fri,3
Bob & Barbaras,Sat,1
Bob & Barbaras,Thu,4
Bob & Barbaras,Tue,2
Bob & Barbaras,Wed,5
Boccellas,Fri,18
Boccellas,Mon,5
Boccellas,Sat,1
Boccellas,Sun,8
Boccellas,Thu,1
Boccellas,Tue,5
Boccellas,Wed,1
Bohlin Cynski (%$%$),Thu,3
Bohlin Cynski (%$%$),Wed,2
Boom-A-Rang Beverage,Tue,2
Bottle Bar East,Fri,19
Bottle Bar East,Mon,7
Bottle Bar East,Sat,8
Bottle Bar East,Thu,7
Bottle Bar East,Tue,7
Bottle Bar East,Wed,12
Bound Beverage,Fri,25
Bound Beverage,Mon,32
Bound Beverage,Sat,2
Bound Beverage,Sun,1
Bound Beverage,Thu,3
Bound Beverage,Tue,1
Bound Beverage,Wed,18
Bourbon & Branch,Tue,2
Brady's Global Bistro,Thu,3
Brady's Global Bistro,Wed,1
Brew Master ,Fri,2
Brew Master ,Mon,3
Brew Master ,Sat,3
Brewers Bar and Grill,Fri,4
Brewers Bar and Grill,Mon,2
Brewers Bar and Grill,Sat,1
Brewers Bar and Grill,Tue,2
Brewers Bar and Grill,Wed,2
Brewers Outlet - Chadds Ford,Fri,10
Brewers Outlet - Chadds Ford,Mon,11
Brewers Outlet - Chadds Ford,Thu,2
Brewers Outlet - Chadds Ford,Tue,8
Brewers Outlet - Chadds Ford,Wed,2
Brewers Outlet - Philadelphia ,Fri,24
Brewers Outlet - Philadelphia ,Mon,2
Brewers Outlet - Philadelphia ,Sat,1
Brewers Outlet - Philadelphia ,Thu,13
Brewers Outlet - Philadelphia ,Tue,2
Brewers Outlet - Philadelphia ,Wed,7
Brickhouse Bar & Grill,Fri,3
Brickhouse Bar & Grill,Mon,5
Brickhouse Bar & Grill,Tue,6
Brickhouse Bar & Grill,Wed,9
Brickside Grille,Fri,1
Brickside Grille,Tue,6
Brickside Grille,Wed,1
Bridgeport Beer,Fri,7
Bridgeport Beer,Mon,6
Bridgeport Beer,Sat,1
Bridgeport Beer,Sun,3
Bridgeport Beer,Tue,3
Bridgeport Beer,Wed,2
Bridget Foy's,Fri,1
Bridget Foy's,Thu,1
Bridgewaters,Fri,3
Bridgewaters,Mon,1
Bridgewaters,Wed,2
Broad Axe Tavern ($%$%),Fri,2
Broad Axe Tavern ($%$%),Mon,1
Broad Street Bullies,Fri,4
Broad Street Bullies,Mon,1
Broad Street Bullies,Thu,1
Broad Street Bullies,Tue,6
Broad Street Bullies,Wed,1
Broomall Beverage,Wed,2
Bryn Mawr Beverage,Fri,12
Bryn Mawr Beverage,Mon,6
Bryn Mawr Beverage,Sat,4
Bryn Mawr Beverage,Thu,2
Bryn Mawr Beverage,Tue,11
Bryn Mawr Beverage,Wed,3
Buffalo Billiards,Mon,1
Buy-Rite Beverage ,Fri,2
Buy-Rite Beverage ,Mon,1
Buy-Rite Beverage ,Thu,4
Buy-Rite Beverage ,Wed,1
CAESARS VILLAGE APTS(%$%),Fri,1
CAPITOL BEER,Fri,3
CAPITOL BEER,Mon,3
CAPITOL BEER,Sat,1
CAPITOL BEER,Thu,5
CAPITOL BEER,Tue,1
CARMINE PIZZA,Fri,1
CARMINE PIZZA,Mon,1
CARMINE PIZZA,Thu,2
CARMINE PIZZA,Tue,2
CASK BISTRO AND TAP,Mon,1
CASK BISTRO AND TAP,Sat,1
CASK BISTRO AND TAP,Wed,1
CENTRO,Wed,1
CHICKIES & PETE'S DREXEL (%%),Mon,2
CHICKIES & PETE'S EAGLEVLLE (%%),Mon,3
CHICKIES & PETE'S EAGLEVLLE (%%),Thu,1
CHICKIES & PETE'S PACKER AVE (%%),Mon,2
CHICKIES & PETE'S PACKER AVE (%%),Tue,2
CHICKIES & PETE'S PARX (%%),Mon,1
CHURCHVILLE INN,Fri,7
CHURCHVILLE INN,Mon,6
CHURCHVILLE INN,Thu,2
CHURCHVILLE INN,Tue,2
CHURCHVILLE INN,Wed,5
CICIONE BEVERAGE,Fri,2
CICIONE BEVERAGE,Tue,1
CITY TAP ARCH ST,Fri,2
CITY TAP ARCH ST,Mon,1
CITY TAP ARCH ST,Thu,5
CITY TAP ARCH ST,Tue,5
CITY TAP ARCH ST,Wed,2
CITY TAP UNIVERSITY CITY,Fri,4
CITY TAP UNIVERSITY CITY,Mon,4
CITY TAP UNIVERSITY CITY,Sat,2
CITY TAP UNIVERSITY CITY,Sun,1
CITY TAP UNIVERSITY CITY,Thu,8
CITY TAP UNIVERSITY CITY,Tue,3
CIVERA'S,Mon,1
CIVERA'S,Tue,2
CJ's Doghouse,Fri,4
CJ's Doghouse,Sat,1
CJ's Doghouse,Sun,1
CJ's Doghouse,Thu,1
CJ's Doghouse,Tue,1
CJ's Doghouse,Wed,9
CLEAVERS,Mon,1
CLEAVERS,Thu,2
CLEAVERS,Wed,1
COACH'S BEER & SODA,Fri,1
COACH'S BEER & SODA,Mon,3
COACH'S BEER & SODA,Thu,1
COOPERS SEAFOOD PITTSTON,Thu,2
CORK & CAGE,Fri,5
CORK & CAGE,Mon,3
CORK & CAGE,Tue,5
CORK & CAGE,Wed,1
CORKED,Fri,1
CORKED,Mon,1
CORKED,Tue,1
CORKED,Wed,1
COSMOS,Wed,5
CRAFTY'S ,Tue,1
Cambridge,Fri,5
Cambridge,Mon,17
Cambridge,Sat,2
Cambridge,Thu,1
Cambridge,Tue,10
Cambridge,Wed,2
Canal Street Pub,Fri,14
Canal Street Pub,Mon,4
Canal Street Pub,Sat,3
Canal Street Pub,Thu,6
Canal Street Pub,Tue,1
Canal Street Pub,Wed,1
Candlewick Tavern,Mon,3
Candlewick Tavern,Thu,1
Candlewick Tavern,Tue,1
Candlewick Tavern,Wed,1
Cannstatter V V,Fri,1
Cannstatter V V,Sat,4
Cannstatter V V,Sun,1
Cantina - Dos Segundos,Fri,1
Cantina - Dos Segundos,Tue,2
Cantina - Los Caballitos,Wed,2
Cantina Feliz,Mon,1
Cascario's,Mon,1
Cascario's,Tue,3
Cascario's,Wed,1
Cases & Kegs,Fri,3
Cases & Kegs,Mon,5
Cases & Kegs,Sat,2
Cases & Kegs,Sun,1
Cases & Kegs,Tue,7
Cases & Kegs,Wed,5
Catahoula,Wed,1
Cedar Hollow Inn,Fri,3
Cedar Hollow Inn,Mon,1
Cedar Hollow Inn,Thu,1
Cedar Hollow Inn,Tue,5
Cedar Hollow Inn,Wed,3
Cedar Point Bar And Kitchen,Thu,1
Cedar Point Bar And Kitchen,Tue,1
Chal-Brit Beverage ,Fri,1
Chal-Brit Beverage ,Mon,4
Chal-Brit Beverage ,Tue,4
Chal-Brit Beverage ,Wed,2
Champps (KOP),Fri,1
Champps (KOP),Mon,1
Champps (KOP),Tue,2
Champps (KOP),Wed,6
Chaps Tap Room,Fri,5
Chaps Tap Room,Mon,5
Chaps Tap Room,Sat,2
Charlie Was A Sinner(%$%$%),Tue,1
Cherry Street Tavern,Mon,2
Cherry Street Tavern,Sat,2
Cherry Street Tavern,Tue,1
Chester County Beverage,Mon,2
Chester County Beverage,Tue,1
Chris' Jazz Cafe,Fri,1
Chris' Jazz Cafe,Tue,2
Cocco's Pizza,Mon,1
Cocco's Pizza,Tue,4
Cocco's Pizza,Wed,1
Cold Beverage Station,Fri,3
Cold Beverage Station,Mon,7
Cold Beverage Station,Sat,2
Cold Beverage Station,Sun,1
Cold Beverage Station,Tue,2
Cold Beverage Station,Wed,1
Cold Spring Beverages,Fri,6
Cold Spring Beverages,Mon,11
Cold Spring Beverages,Sat,3
Cold Spring Beverages,Thu,1
Cold Spring Beverages,Tue,6
Cold Spring Beverages,Wed,7
Comcast Corp. ($%$%),Tue,1
Con Murphy's,Mon,1
Con Murphy's,Tue,2
Convenient Food Market,Mon,1
Convenient Food Market,Thu,1
Convenient Food Market,Tue,1
Cook and Shaker,Fri,1
Cook and Shaker,Mon,3
Cook and Shaker,Sat,5
Cook and Shaker,Thu,4
Cook and Shaker,Tue,2
Cook and Shaker,Wed,1
Cooperage {ESCROW},Mon,2
Cooperage {ESCROW},Sat,1
Cooperage {ESCROW},Thu,1
Cooperage {ESCROW},Tue,2
Cooperage {ESCROW},Wed,5
Coopers Seafood House,Fri,8
Coopers Seafood House,Mon,2
Coopers Seafood House,Thu,2
Coopers Seafood House,Tue,2
Copperhead Grille,Tue,2
Corner Foodery,Fri,1
Corner Foodery,Mon,1
Cottman Beverage,Fri,3
Cottman Beverage,Mon,11
Cottman Beverage,Sat,1
Cottman Beverage,Thu,2
Cottman Beverage,Tue,3
Cottman Beverage,Wed,2
County Beverage,Fri,1
County Beverage,Mon,1
County Beverage,Tue,3
Coventry Beer Station,Fri,1
Coventry Beer Station,Mon,2
Coventry Beer Station,Thu,2
Coventry Beer Station,Tue,1
Craft Ale House,Fri,2
Craft Ale House,Mon,23
Craft Ale House,Sat,2
Craft Ale House,Sun,1
Craft Ale House,Thu,1
Craft Ale House,Wed,1
Craft Beer Outlet Philadelphia,Fri,16
Craft Beer Outlet Philadelphia,Mon,6
Craft Beer Outlet Philadelphia,Sat,1
Craft Beer Outlet Philadelphia,Thu,1
Craft Beer Outlet Philadelphia,Tue,19
Craft Beer Outlet Philadelphia,Wed,5
Craft Beer Shoppe Philadelphia,Fri,4
Craft Beer Shoppe Philadelphia,Mon,2
Craft Beer Shoppe Philadelphia,Sat,1
Craft Beer Store Springfield,Fri,1
Craft Beer Store Springfield,Thu,1
Craft Manayunk,Mon,3
Craft Manayunk,Thu,2
Craft Manayunk,Tue,2
Craft Manayunk,Wed,2
Cross Bar,Fri,1
Cross Bar,Thu,1
Crown Beverage,Mon,1
Crown Beverage,Thu,1
Crown Beverage,Tue,2
Crown Beverage,Wed,1
Crown Plaza,Thu,1
Crown Plaza,Tue,1
D & R Beverage,Mon,1
D & S BEER DISTRIBUTORS,Fri,5
D & S BEER DISTRIBUTORS,Mon,4
D & S BEER DISTRIBUTORS,Sat,1
D & S BEER DISTRIBUTORS,Thu,1
D & S BEER DISTRIBUTORS,Tue,2
D & S BEER DISTRIBUTORS,Wed,2
DO NOT USE!!!,Sat,2
DO NOT USE!!!,Tue,1
DRAKES TAVERN,Fri,1
DUFFERS PUB,Fri,1
DUFFERS PUB,Mon,4
DUFFERS PUB,Thu,1
DUFFERS PUB,Tue,1
DUNBAR BOTTLING CO INC,Fri,1
DUNBAR BOTTLING CO INC,Mon,3
DUNBAR BOTTLING CO INC,Thu,1
DUNBAR BOTTLING CO INC,Tue,9
DUNBAR BOTTLING CO INC,Wed,1
DUNDERBAK'S,Tue,2
Dan Dan,Mon,1
Dandelion*,Mon,2
Dandelion*,Thu,1
Dawson Street Pub,Mon,1
Deon Beverage BRISTOL,Wed,2
Dettera,Fri,1
Dettera,Mon,1
Dettera,Wed,1
Devil's Alley(9999),Fri,1
Devil's Alley(9999),Sat,1
Devil's Alley(9999),Tue,2
Devil's Alley(9999),Wed,1
Devil's Den (9999),Fri,7
Devil's Den (9999),Mon,2
Devil's Den (9999),Sat,3
Devil's Den (9999),Thu,3
Devil's Den (9999),Tue,7
Devil's Den (9999),Wed,8
Diablo Smokehouse,Tue,1
Doc's World of Beer,Fri,17
Doc's World of Beer,Mon,1
Doc's World of Beer,Sat,2
Doc's World of Beer,Thu,7
Doc's World of Beer,Tue,4
Doc's World of Beer,Wed,5
Dog and Bull ,Fri,8
Dog and Bull ,Mon,4
Dog and Bull ,Sat,1
Dog and Bull ,Sun,1
Dog and Bull ,Tue,5
Dog and Bull ,Wed,5
Domestic & Imported Beverage Inc.,Fri,12
Domestic & Imported Beverage Inc.,Mon,14
Domestic & Imported Beverage Inc.,Sat,2
Domestic & Imported Beverage Inc.,Sun,3
Domestic & Imported Beverage Inc.,Thu,1
Domestic & Imported Beverage Inc.,Tue,17
Domestic & Imported Beverage Inc.,Wed,2
Dominick's Side Door Pub,Fri,2
Dominick's Side Door Pub,Mon,3
Dominick's Side Door Pub,Sat,1
Dominick's Side Door Pub,Wed,3
Doobie's Bar,Tue,1
Dorneyville Beverage,Thu,1
Dorneyville Beverage,Wed,2
Double Edge Sports Grill,Fri,11
Double Edge Sports Grill,Mon,2
Double Edge Sports Grill,Sat,1
Double Edge Sports Grill,Tue,2
Drafting Room Exton,Fri,9
Drafting Room Exton,Mon,1
Drafting Room Exton,Sat,2
Drafting Room Exton,Sun,4
Drafting Room Exton,Tue,6
Drafting Room Exton,Wed,1
Drake Tavern,Fri,5
Drake Tavern,Mon,3
Drake Tavern,Tue,1
Draught Horse,Mon,2
Draught Horse,Sat,1
Draught Horse,Thu,1
Draught Horse,Tue,1
"Drinker, Biddle & Reath(9$9$)",Fri,1
"Drinker, Biddle & Reath(9$9$)",Tue,1
Drinkers - Market St.,Thu,1
Dru Herger,Fri,1
EZ Beverage,Mon,3
EZ Beverage,Tue,1
Earth Bread & Brewery,Mon,1
Earth Bread & Brewery,Wed,1
East Falls Beverage,Fri,1
East Falls Beverage,Mon,1
East Falls Beverage,Thu,3
East Falls Beverage,Tue,2
East Falls Beverage,Wed,6
East Girard Gastro Pub,Fri,1
East Girard Gastro Pub,Sat,1
East Girard Gastro Pub,Tue,3
East Girard Gastro Pub,Wed,1
Eddington House,Fri,1
Eddington House,Mon,1
Eddington House,Thu,2
Edgemont Beer Dist,Fri,19
Edgemont Beer Dist,Mon,16
Edgemont Beer Dist,Sat,3
Edgemont Beer Dist,Sun,1
Edgemont Beer Dist,Tue,16
Edgemont Beer Dist,Wed,3
El Barrio,Fri,3
El Barrio,Mon,2
El Barrio,Sat,1
El Barrio,Tue,8
El Barrio,Wed,4
El Camino (%%%%),Mon,1
El Camino (%%%%),Tue,3
El Camino (%%%%),Wed,3
Epps Beverage Inc.,Fri,16
Epps Beverage Inc.,Mon,15
Epps Beverage Inc.,Thu,1
Epps Beverage Inc.,Tue,3
Epps Beverage Inc.,Wed,12
Eulogy Belgian Tavern,Thu,2
Eulogy Belgian Tavern,Wed,1
Exton Beverage,Fri,8
Exton Beverage,Mon,7
Exton Beverage,Thu,1
Exton Beverage,Tue,45
Exton Beverage,Wed,5
FERMENTED PRODUCTIONS,Fri,4
FERMENTED PRODUCTIONS,Thu,1
FIUME- NO HAND CARTS,Fri,25
FIUME- NO HAND CARTS,Mon,2
FIUME- NO HAND CARTS,Sat,8
FIUME- NO HAND CARTS,Sun,6
FIUME- NO HAND CARTS,Thu,2
FIUME- NO HAND CARTS,Tue,3
FIUME- NO HAND CARTS,Wed,2
FLEETWOOD BEVERAGES,Fri,11
FLEETWOOD BEVERAGES,Mon,5
FLEETWOOD BEVERAGES,Sat,3
FLEETWOOD BEVERAGES,Thu,5
FLEETWOOD BEVERAGES,Tue,2
FOOD & FRIENDS 5TH STREET,Fri,2
FOOD & FRIENDS 5TH STREET,Mon,2
FOOD & FRIENDS 5TH STREET,Thu,4
FOOD & FRIENDS 5TH STREET,Tue,4
FOOD & FRIENDS 5TH STREET,Wed,4
FRONT STREET CAFE,Fri,1
FRONT STREET CAFE,Mon,3
FRONT STREET CAFE,Wed,1
Fairway Beverage,Fri,2
Fairway Beverage,Mon,2
Fairway Beverage,Thu,3
Fairway Beverage,Tue,5
Fairway Beverage,Wed,3
Fall's Taproom,Mon,3
Fall's Taproom,Tue,1
Family Beverage,Fri,32
Family Beverage,Mon,16
Family Beverage,Sat,10
Family Beverage,Sun,11
Family Beverage,Thu,1
Family Beverage,Tue,2
Family Beverage,Wed,5
Fat Ham,Fri,2
Fat Ham,Mon,8
Fat Ham,Sat,1
Fat Ham,Tue,2
Federal Beer Dist,Fri,19
Federal Beer Dist,Mon,7
Federal Beer Dist,Sat,6
Federal Beer Dist,Sun,1
Federal Beer Dist,Thu,2
Federal Beer Dist,Tue,3
Federal Beer Dist,Wed,3
Federal Deli,Fri,3
Federal Deli,Mon,2
Federal Deli,Thu,1
Federal Deli,Wed,1
Fette Sau,Sun,1
"Fingers, Wings, and Other Things",Fri,18
"Fingers, Wings, and Other Things",Mon,12
"Fingers, Wings, and Other Things",Tue,3
"Fingers, Wings, and Other Things",Wed,2
Finn McCools Ale House,Wed,1
Fire & Ice,Mon,1
Flannigan's Boathouse (Conshy),Fri,21
Flannigan's Boathouse (Conshy),Mon,21
Flannigan's Boathouse (Conshy),Sat,2
Flannigan's Boathouse (Conshy),Sun,1
Flannigan's Boathouse (Conshy),Tue,5
Flannigan's Boathouse (Conshy),Wed,4
Flip & Bailey's,Fri,1
Flip & Bailey's,Mon,1
Flourtown Beverage,Fri,2
Flourtown Beverage,Mon,4
Flourtown Beverage,Sat,2
Flourtown Beverage,Sun,1
Flourtown Beverage,Tue,2
Flourtown Beverage,Wed,5
Flying Pig Saloon,Fri,1
Flying Pig Saloon,Mon,2
Flying Pig Saloon,Sun,1
Flying Pig Saloon,Thu,3
Flying Pig Saloon,Tue,4
Food & Friends Market,Fri,4
Food & Friends Market,Mon,3
Food & Friends Market,Thu,16
Food & Friends Market,Tue,2
Food & Friends Market,Wed,7
Foodery - ROXBORO ,Mon,1
Foodery - ROXBORO ,Thu,1
Fountain Porter,Fri,1
Fountain Porter,Sat,1
Fountain Porter,Wed,3
Fox & Hound Pub,Thu,2
Fox & Hound Pub,Wed,2
Frank Smith Beverage,Fri,26
Frank Smith Beverage,Mon,37
Frank Smith Beverage,Sat,8
Frank Smith Beverage,Sun,2
Frank Smith Beverage,Thu,1
Frank Smith Beverage,Tue,5
Frank Smith Beverage,Wed,12
Frankford Beverage,Fri,1
Frankford Hall (9999),Fri,1
Frankford Hall (9999),Mon,1
Frankford Hall (9999),Tue,1
Franklin,Fri,12
Franklin,Mon,3
Franklin,Thu,3
Franklin,Tue,3
Franklin,Wed,3
Franklin Beverage9999,Fri,3
Franklin Beverage9999,Mon,1
Franklin Beverage9999,Sat,1
Franklin Beverage9999,Thu,2
Franklin Beverage9999,Tue,5
Franklin Beverage9999,Wed,6
Franklin Mortgage Inv,Fri,7
Franklin Mortgage Inv,Mon,1
Franklin Mortgage Inv,Sat,7
Franklin Mortgage Inv,Sun,2
Franklin Mortgage Inv,Thu,6
Franklin Mortgage Inv,Tue,2
Franklin Mortgage Inv,Wed,12
Franks American Pub,Fri,1
Franks American Pub,Sat,1
Franks American Pub,Sun,6
Franks American Pub,Tue,1
Franky Bradleys,Sat,2
Franky Bradleys,Thu,1
Franky Bradleys,Wed,1
French Quarter Bistro,Mon,5
French Quarter Bistro,Sat,1
French Quarter Bistro,Sun,1
French Quarter Bistro,Tue,2
French Quarter Bistro,Wed,1
Fresh Grocer Philly (ESCROW),Mon,14
Fresh Grocer Philly (ESCROW),Sun,3
Fresh Grocer Philly (ESCROW),Tue,4
Friends Of Washington's Crossing Beer Fest,Sun,1
Fries Rebellion,Fri,1
Fries Rebellion,Mon,1
Fries Rebellion,Thu,3
Fries Rebellion,Tue,2
Fries Rebellion,Wed,2
From The Boot,Tue,2
From The Boot,Wed,4
Frontier Saloon,Fri,3
Frontier Saloon,Mon,4
Frontier Saloon,Tue,3
Frontier Saloon,Wed,2
Frosty Caps Inc,Fri,4
Frosty Caps Inc,Mon,14
Frosty Caps Inc,Sat,4
Frosty Caps Inc,Thu,3
Frosty Caps Inc,Tue,7
Frosty Caps Inc,Wed,2
GAN INC,Mon,1
GANLY'S PUB,Fri,8
GANLY'S PUB,Sat,1
GANLY'S PUB,Thu,3
GANLY'S PUB,Tue,3
GANLY'S PUB,Wed,1
GAT BEER,Fri,3
GAT BEER,Mon,1
GAT BEER,Tue,1
GAT BEER,Wed,1
GIANT DOYLESTOWN,Sat,1
GIANT DOYLESTOWN,Sun,1
GIANT DOYLESTOWN,Wed,1
GIANT EXTON ,Fri,5
GIANT EXTON ,Mon,10
GIANT EXTON ,Sat,1
GIANT EXTON ,Sun,11
GIANT EXTON ,Wed,1
GIANT FLOURTOWN ,Fri,1
GIANT FLOURTOWN ,Mon,3
GIANT FLOURTOWN ,Sat,1
GIANT FLOURTOWN ,Sun,12
GIANT FLOURTOWN ,Wed,1
GIANT HAVERTOWN,Fri,5
GIANT HAVERTOWN,Mon,2
GIANT HAVERTOWN,Sun,27
GIANT HAVERTOWN,Thu,2
GIANT HAVERTOWN,Tue,1
GIANT NEW HOPE,Fri,1
GIANT NEW HOPE,Mon,1
GIANT NEW HOPE,Sat,1
GIANT NEW HOPE,Sun,3
GIANT NEW HOPE,Tue,2
GIANT NORTH WALES,Fri,1
GIANT NORTH WALES,Mon,4
GIANT NORTH WALES,Sat,12
GIANT NORTH WALES,Sun,4
GIANT NORTH WALES,Tue,1
GIANT NORTH WALES,Wed,1
GIANT ST DAVID'S ,Fri,2
GIANT ST DAVID'S ,Sun,1
GIANT ST DAVID'S ,Tue,1
GIANT ST DAVID'S ,Wed,2
GIANT WEST CHESTER,Fri,4
GIANT WEST CHESTER,Sat,2
GIANT WEST CHESTER,Sun,13
GIANT WEST CHESTER,Thu,1
GIANT WEST CHESTER,Tue,2
GIULIANO'S DELI,Thu,3
GIULIANO'S DELI,Tue,1
GIULIANO'S DELI,Wed,6
GOLDEN BEVERAGE,Mon,1
GOLDEN BEVERAGE,Thu,1
GOLDEN BEVERAGE,Tue,2
GOLDEN BEVERAGE,Wed,6
GOLDEN COAST BEER,Fri,9
GOLDEN COAST BEER,Mon,2
GOLDEN COAST BEER,Sat,5
GOLDEN COAST BEER,Thu,3
GOLDEN COAST BEER,Tue,6
GOLDEN COAST BEER,Wed,1
GRAIN EXCHANGE,Mon,1
GREAT AMERICAN PUB PAOLI,Thu,1
GREAT AMERICAN PUB PAOLI,Tue,1
GYPSY BLUE,Fri,1
GYPSY BLUE,Mon,1
GYPSY BLUE,Thu,2
GYPSY BLUE,Tue,1
Garage,Fri,27
Garage,Mon,2
Garage,Sat,2
Garage,Thu,3
Garage,Tue,3
Garage,Wed,9
Garret Hill Pizza,Wed,1
Garrett Hill Ale House,Fri,3
Garrett Hill Ale House,Sat,2
Garrett Hill Ale House,Sun,2
Garrett Hill Ale House,Wed,1
Georgetown Deli & Beer (99),Fri,2
Georgetown Deli & Beer (99),Sat,3
Georgetown Deli & Beer (99),Tue,12
Georgetown Deli & Beer (99),Wed,1
Giant Willow Grove,Fri,2
Giant Willow Grove,Mon,1
Girard Beverage,Fri,4
Girard Beverage,Mon,2
Girard Beverage,Sat,1
Girard Beverage,Thu,3
Girard Beverage,Tue,4
Girard Beverage,Wed,2
Glenside Pub,Mon,4
Glenside Pub,Tue,2
Glenside Pub,Wed,1
Global Beer Distributors(9999),Fri,11
Global Beer Distributors(9999),Mon,85
Global Beer Distributors(9999),Sat,4
Global Beer Distributors(9999),Thu,4
Global Beer Distributors(9999),Tue,79
Global Beer Distributors(9999),Wed,17
Goats Beard,Mon,3
Goats Beard,Sun,1
Goats Beard,Thu,1
Goats Beard,Tue,1
Goats Beard,Wed,4
Goff's Suds & Soda,Tue,2
Good Dog,Fri,2
Good Dog,Mon,2
Good Dog,Sat,1
Good Dog,Sun,1
Good Dog,Thu,1
Good Dog,Tue,1
Good King Tavern ,Fri,3
Good King Tavern ,Mon,5
Good King Tavern ,Thu,2
Good King Tavern ,Tue,2
Good King Tavern ,Wed,3
Good Stuff Eatery,Fri,1
Good Stuff Eatery,Mon,2
Good Stuff Eatery,Thu,2
Good Stuff Eatery,Tue,1
Good Stuff Eatery,Wed,1
Goshen Beverage ,Fri,8
Goshen Beverage ,Mon,4
Goshen Beverage ,Sat,1
Goshen Beverage ,Tue,14
Goshen Beverage ,Wed,1
Grace Tavern,Fri,3
Grace Tavern,Wed,1
Greeks Next Door,Fri,13
Greeks Next Door,Mon,43
Green Parrot,Fri,1
Green Parrot,Mon,2
Green Parrot,Tue,2
Green Parrot,Wed,1
Green Rock Tavern,Fri,1
Green Rock Tavern,Mon,1
Green Rock Tavern,Wed,2
Grey Lodge Pub,Sat,1
Grey Lodge Pub,Thu,1
Grey Lodge Pub,Tue,5
Grey Lodge Pub,Wed,1
Gullifty's,Sun,1
Gullifty's,Wed,1
Gunner's Run,Fri,1
Guppy's Conshohaken,Tue,1
Guppy's Conshohaken,Wed,1
Gypsy Saloon,Fri,1
Gypsy Saloon,Sat,1
HAN DYNASTY U. CITY,Thu,1
HAN DYNASTY U. CITY,Wed,1
HARROW BEVERAGE,Mon,1
HARROW BEVERAGE,Tue,1
HARROW BEVERAGE,Wed,2
HERITAGE,Sun,1
HERITAGE,Wed,2
HIGHLAND BEVERAGE,Fri,2
HIGHLAND BEVERAGE,Mon,1
HIGHLAND BEVERAGE,Wed,1
HOLIDAY INN (BREINGSVILLE),Mon,2
HORSHAM PUB,Mon,2
HUMBOLDT BEER DEPOT,Fri,1
HUMBOLDT BEER DEPOT,Mon,2
HUMBOLDT BEER DEPOT,Thu,1
HUMBOLDT BEER DEPOT,Tue,2
HUMBOLDT BEER DEPOT,Wed,1
HUNGRY PIGEON,Mon,1
HUNGRY PIGEON,Tue,1
HUNGRY PIGEON,Wed,1
Hamilton Kitchen & Bar,Tue,3
Han Dynasty OLD CITY,Fri,5
Han Dynasty OLD CITY,Mon,2
Han Dynasty OLD CITY,Sat,1
Han Dynasty OLD CITY,Thu,4
Han Dynasty OLD CITY,Tue,1
Han Dynasty OLD CITY,Wed,4
Harlan Beverge,Fri,16
Harlan Beverge,Mon,2
Harlan Beverge,Thu,5
Harlan Beverge,Tue,10
Harlan Beverge,Wed,4
Harleysville Beverage,Fri,3
Harleysville Beverage,Mon,8
Harleysville Beverage,Sat,4
Harleysville Beverage,Sun,1
Harleysville Beverage,Tue,1
Harleysville Beverage,Wed,2
Harrington's Beer Distributor,Tue,1
Harry's Blue Bell Taproom,Fri,12
Harry's Blue Bell Taproom,Mon,7
Harry's Blue Bell Taproom,Sat,1
Harry's Blue Bell Taproom,Tue,4
Harry's Blue Bell Taproom,Wed,2
Hatboro Beverage,Fri,5
Hatboro Beverage,Mon,1
Hatboro Beverage,Thu,2
Hatboro Beverage,Tue,4
Hatboro Beverage,Wed,3
Hatfield Beverage,Fri,2
Hatfield Beverage,Mon,3
Hatfield Beverage,Sat,1
Hatfield Beverage,Sun,1
Hatfield Beverage,Tue,2
Hatfield Beverage,Wed,1
Havertown Beverage,Fri,2
Havertown Beverage,Mon,1
Havertown Beverage,Tue,3
Hawthornes Cafe(9999),Fri,19
Hawthornes Cafe(9999),Mon,13
Hawthornes Cafe(9999),Sun,37
Hawthornes Cafe(9999),Thu,4
Hawthornes Cafe(9999),Tue,5
Hawthornes Cafe(9999),Wed,4
Heirloom,Tue,1
High Street Cafe,Fri,4
High Street Cafe,Sat,1
High Street Cafe,Tue,4
Hop Angel Brauhaus ,Fri,1
Hop Angel Brauhaus ,Thu,1
Hop Angel Brauhaus ,Tue,1
Horse Tavern,Fri,7
Horse Tavern,Mon,6
Horse Tavern,Sat,2
Horse Tavern,Tue,6
Horse Tavern,Wed,3
Hulmeville Inn ,Fri,5
Hulmeville Inn ,Mon,5
Hulmeville Inn ,Thu,2
Hulmeville Inn ,Tue,2
Hulmeville Inn ,Wed,2
Hunlock creek,Mon,0
ICE COLD BEER HERE,Fri,2
ICE COLD BEER HERE,Thu,1
ICE COLD BEER HERE,Tue,2
INVENTORY ,Fri,6
INVENTORY ,Mon,6
INVENTORY ,Sat,3
INVENTORY ,Sun,10
INVENTORY ,Thu,12
INVENTORY ,Tue,15
INVENTORY ,Wed,9
In Riva,Mon,1
In Riva,Sat,1
Industry ,Fri,4
Industry ,Mon,3
Industry ,Thu,1
Institute Bar (%%%%),Fri,2
Institute Bar (%%%%),Mon,1
Institute Bar (%%%%),Sat,3
Institute Bar (%%%%),Thu,3
Institute Bar (%%%%),Tue,1
Institute Bar (%%%%),Wed,1
Irish Pol,Fri,2
Irish Pol,Sat,1
Irish Pol,Tue,1
Irish Rover Station House,Mon,4
Iron Abbey ,Fri,13
Iron Abbey ,Mon,18
Iron Abbey ,Tue,1
Iron Abbey ,Wed,1
Isaac Newton's,Fri,4
Isaac Newton's,Mon,7
Isaac Newton's,Sat,3
Isaac Newton's,Sun,1
Isaac Newton's,Thu,1
Isaac Newton's,Tue,11
Isaac Newton's,Wed,11
Island Pizza,Fri,2
Island Pizza,Thu,2
J & H BEER,Fri,3
J & H BEER,Mon,7
J & H BEER,Sat,2
J & H BEER,Thu,1
J & H BEER,Tue,7
J & H BEER,Wed,4
J & J DELI,Fri,2
J & J DELI,Mon,12
J & J DELI,Sat,2
J & J DELI,Tue,2
J & J DELI,Wed,1
JET ROCK (ESCROW),Fri,1
JET ROCK (ESCROW),Sun,1
JET ROCK (ESCROW),Thu,2
JET ROCK (ESCROW),Tue,1
JKR Partners ($%$%),Fri,1
JOEY'S PIZZA,Fri,3
JOEY'S PIZZA,Mon,2
JOEY'S PIZZA,Sat,1
JOEY'S PIZZA,Tue,3
JOEY'S PIZZA,Wed,1
JP MacGrady's,Mon,2
JP MacGrady's,Tue,2
Jack's Draft House ($%$%),Tue,1
Jake Solomon,Sat,1
Jamison Pourhouse,Mon,1
Jamison Pourhouse,Tue,2
Jamison Pourhouse,Wed,1
Jamison's Beer Distributor,Fri,1
Jamison's Beer Distributor,Mon,1
Jamison's Beer Distributor,Tue,1
Jamison's Beer Distributor,Wed,4
Javie's Beer Distributor ,Fri,3
Javie's Beer Distributor ,Mon,8
Javie's Beer Distributor ,Sat,2
Javie's Beer Distributor ,Thu,3
Javie's Beer Distributor ,Tue,10
Javie's Beer Distributor ,Wed,2
Jerry's Bar,Fri,3
Jerry's Bar,Mon,3
Jerry's Bar,Sun,1
Jerry's Bar,Thu,1
Jerry's Bar,Tue,1
Jerry's Bar,Wed,2
Jerzee's Bar,Fri,3
Jerzee's Bar,Mon,3
Jerzee's Bar,Thu,1
Jerzee's Bar,Tue,2
Jerzee's Bar,Wed,6
Jessup Beverage,Tue,6
Jet Wine Bar,Fri,4
Jet Wine Bar,Sat,1
Jet Wine Bar,Thu,2
Jet Wine Bar,Tue,8
Jet Wine Bar,Wed,5
Joe Burn's Beverage,Fri,4
Joe Burn's Beverage,Mon,14
Joe Burn's Beverage,Tue,6
Joe Burn's Beverage,Wed,2
Joe's Six-Pack,Mon,2
Joe's Six-Pack,Tue,7
Joey B,Mon,2
Joey B,Sat,1
Joey B,Tue,1
Jon's Bar & Grill,Fri,8
Jon's Bar & Grill,Mon,2
Jon's Bar & Grill,Sat,1
Jon's Bar & Grill,Sun,1
Jon's Bar & Grill,Thu,1
Jon's Bar & Grill,Tue,3
Jon's Bar & Grill,Wed,1
Jose Pistolas,Fri,4
Jose Pistolas,Mon,2
Jose Pistolas,Tue,1
Juniper  Commons %$%$,Thu,1
K'Town Pub,Fri,3
K'Town Pub,Mon,3
K'Town Pub,Thu,5
K'Town Pub,Tue,1
KC PRIME,Tue,1
KC PRIME,Wed,2
KO Restaurant,Fri,2
KO Restaurant,Tue,1
KO Restaurant,Wed,3
KOP Beer (Valley Forge Beverage),Fri,21
KOP Beer (Valley Forge Beverage),Mon,22
KOP Beer (Valley Forge Beverage),Sat,1
KOP Beer (Valley Forge Beverage),Tue,3
KOP Beer (Valley Forge Beverage),Wed,2
KUTZTOWN BOTTLING WORKS,Tue,2
Kelly's Taproom,Fri,2
Kelly's Taproom,Mon,2
Kelly's Taproom,Tue,1
Kelly's Taproom,Wed,1
Kennett Beverage,Fri,2
Kennett Beverage,Mon,2
Kennett Beverage,Thu,1
Kennett Beverage,Tue,1
Kennett Beverage,Wed,2
Kennett Brew Fest,Tue,1
Kennett Restaurant,Fri,1
Kensington Quarters,Fri,1
Kensington Quarters,Mon,1
Kensington Quarters,Sat,2
KeswickTavern,Thu,2
Keystone Pub,Fri,1
Keystone Pub,Mon,5
Keystone Pub,Thu,1
Keystone Pub,Tue,4
Khyber Pass ,Fri,3
Khyber Pass ,Mon,1
Khyber Pass ,Sat,1
Khyber Pass ,Tue,2
Khyber Pass ,Wed,1
Kildare's Scranton,Thu,1
Kildare's Scranton,Tue,1
Kildare's Scranton,Wed,1
Kildare's West Chester,Fri,4
Kildare's West Chester,Mon,8
Kildare's West Chester,Sun,4
Kildare's West Chester,Tue,8
Kings Corner,Fri,1
Kings Corner,Mon,3
Kings Corner,Thu,1
Kite & Key ,Fri,4
Kite & Key ,Mon,2
Kite & Key ,Sat,2
Kite & Key ,Thu,4
Kite & Key ,Wed,3
Kopper Kettle,Mon,4
Kopper Kettle,Wed,8
Krewstown Beverage Center,Fri,13
Krewstown Beverage Center,Mon,7
Krewstown Beverage Center,Sat,7
Krewstown Beverage Center,Thu,4
Krewstown Beverage Center,Tue,4
Krewstown Beverage Center,Wed,4
Kunda Beverage,Fri,16
Kunda Beverage,Mon,31
Kunda Beverage,Sat,3
Kunda Beverage,Sun,1
Kunda Beverage,Thu,2
Kunda Beverage,Tue,5
Kunda Beverage,Wed,4
LIBERTY PROPERTY TRUST,Tue,1
LUDWIGS GRILL & OSTER BAR,Tue,3
La Calaca Feliz,Fri,1
La Casa de tu Madre,Fri,1
La Casa de tu Madre,Mon,2
La Casa de tu Madre,Thu,2
La Casa de tu Madre,Tue,2
La Casa de tu Madre,Wed,1
La Peg (%$%$),Fri,3
La Peg (%$%$),Mon,3
La Peg (%$%$),Sun,1
La Peg (%$%$),Thu,2
La Peg (%$%$),Tue,3
La Peg (%$%$),Wed,8
Lamb Beverage,Fri,2
Lamb Beverage,Mon,2
Lamb Beverage,Thu,2
Lamb Beverage,Tue,12
Lamb Beverage,Wed,1
Lansdale Beer Fest,Sat,1
Lansdale Beer Fest,Thu,1
Lansdale Beverage,Mon,2
Lansdale Beverage,Wed,2
Latimer Deli,Thu,3
Latimer Deli,Wed,2
Liberty Bell Bev (Allentown),Fri,3
Liberty Bell Bev (Allentown),Mon,2
Liberty Bell Bev (Allentown),Sat,1
Liberty Bell Bev (Allentown),Tue,15
Liberty Bell Bev (Allentown),Wed,2
Liberty Taproom,Fri,15
Liberty Taproom,Mon,7
Liberty Taproom,Sat,1
Liberty Taproom,Sun,3
Liberty Taproom,Thu,5
Liberty Taproom,Tue,4
Liberty Taproom,Wed,2
Liberty Union Bar & Grill,Fri,8
Liberty Union Bar & Grill,Mon,1
Liberty Union Bar & Grill,Tue,2
Lima Beverage,Mon,2
Lima Beverage,Sat,1
Lima Beverage,Sun,1
Lima Beverage,Tue,2
Lima Beverage,Wed,1
Limerick Beverage ,Fri,9
Limerick Beverage ,Mon,9
Limerick Beverage ,Thu,1
Limerick Beverage ,Tue,5
Limerick Beverage ,Wed,5
Link Beverage ,Fri,7
Link Beverage ,Mon,8
Link Beverage ,Sat,2
Link Beverage ,Thu,2
Link Beverage ,Tue,17
Link Beverage ,Wed,3
Lionville Beverage ,Fri,6
Lionville Beverage ,Mon,10
Lionville Beverage ,Wed,1
Llama Tooth,Fri,2
Llama Tooth,Thu,3
Llama Tooth,Tue,1
Llama Tooth,Wed,1
Lo Spiedo,Mon,1
Lo Spiedo,Sat,1
Loading Dock Bar & Grill,Fri,2
Loading Dock Bar & Grill,Mon,1
Loading Dock Bar & Grill,Sat,1
Loading Dock Bar & Grill,Tue,6
Local 44 BOTTLE SHOP,Fri,25
Local 44 BOTTLE SHOP,Mon,15
Local 44 BOTTLE SHOP,Sat,2
Local 44 BOTTLE SHOP,Sun,15
Local 44 BOTTLE SHOP,Thu,1
Local 44 BOTTLE SHOP,Tue,10
Local 44 BOTTLE SHOP,Wed,5
Locust Bar,Thu,1
Locust Bar,Wed,1
Locust Deli,Fri,11
Locust Deli,Mon,4
Locust Deli,Sat,6
Locust Deli,Thu,2
Locust Deli,Tue,2
Locust Deli,Wed,1
London Grill,Thu,1
Lorraine,Tue,2
Lorraine,Wed,2
Los Camaradas,Fri,2
Los Camaradas,Sat,3
Los Camaradas,Thu,1
Los Camaradas,Tue,1
Los Camaradas,Wed,1
Lou Beverage,Fri,3
Lou Beverage,Mon,5
Lou Beverage,Thu,1
Lou Beverage,Tue,8
Lucky Dog Saloon,Wed,2
Luckys Last Chance,Fri,3
Luckys Last Chance,Mon,2
Luckys Last Chance,Thu,1
Luckys Last Chance,Tue,1
MADIRA BAR & GRILL,Fri,2
MADIRA BAR & GRILL,Tue,2
MADIRA BAR & GRILL,Wed,1
MAGGIES WATERFRONT CAFE,Thu,1
MAGGIES WATERFRONT CAFE,Tue,1
MAIDEN CREEK DISTRIB,Fri,3
MAIDEN CREEK DISTRIB,Mon,2
MAIDEN CREEK DISTRIB,Thu,2
MAIDEN CREEK DISTRIB,Wed,1
MCLAUGHLIN'S BEVERAGE,Thu,1
MCLAUGHLIN'S BEVERAGE,Tue,2
MCLAUGHLIN'S BEVERAGE,Wed,4
MORGANTOWN BEVERAGE ,Mon,3
MORGANTOWN BEVERAGE ,Thu,6
MR BEER,Fri,3
MR BEER,Thu,1
MR BEER,Tue,2
Mac's Beverage,Fri,3
Mac's Beverage,Mon,8
Mac's Beverage,Tue,3
Mac's Beverage,Wed,1
Mac's Tavern,Wed,4
Mad Greek's,Fri,1
Mad Greek's,Thu,1
Mad Greek's,Wed,1
Mad Mex University City,Mon,3
Mad Mex University City,Thu,1
Mad Mex Willow Grove ,Mon,5
Mad Mex Willow Grove ,Tue,2
Mad Mex Wynnewood,Mon,9
Madonna Beverage,Fri,1
Madonna Beverage,Tue,1
Madonna Beverage,Wed,2
Magerks Fort Washington,Mon,5
Magerks Fort Washington,Tue,1
Magerks Fort Washington,Wed,1
Magerks Pub Horsham,Fri,1
Magerks Pub Horsham,Mon,7
Magerks Pub Horsham,Sun,1
Magerks Pub Horsham,Thu,4
Magerks Pub Horsham,Tue,2
Magerks Pub Horsham,Wed,4
Manayunk Tavern,Fri,1
Manayunk Tavern,Mon,1
Manayunk Tavern,Sun,1
Manayunk Tavern,Thu,1
Manayunk Tavern,Tue,1
Manayunk Tavern,Wed,1
Manny Browns,Mon,2
Manny Browns,Tue,1
Manoa Beverage,Tue,2
Margarita's,Fri,4
Margarita's,Thu,2
Mari's Six Pac & More,Fri,17
Mari's Six Pac & More,Mon,12
Mari's Six Pac & More,Sat,5
Mari's Six Pac & More,Thu,2
Mari's Six Pac & More,Tue,6
Mari's Six Pac & More,Wed,3
Matthew's Beverage,Fri,1
Matthew's Beverage,Mon,2
Matthew's Beverage,Sun,1
Matthew's Beverage,Thu,1
Matthew's Beverage,Tue,1
Maxwells on Main Street,Fri,9
Maxwells on Main Street,Mon,4
Maxwells on Main Street,Thu,6
Maxwells on Main Street,Tue,7
Maxwells on Main Street,Wed,5
McCloskey's  Tavern,Mon,7
McCloskey's  Tavern,Tue,2
McCrossen's Tavern,Mon,2
McCrossen's Tavern,Thu,2
McCrossen's Tavern,Wed,3
McGillicuddy's(Havertown),Fri,1
McGillicuddy's(Havertown),Sun,1
McGillicuddy's(Havertown),Thu,5
McGillicuddy's(Havertown),Wed,1
McGlinchey's Bar & Grill,Fri,3
McGlinchey's Bar & Grill,Mon,1
McGlinchey's Bar & Grill,Thu,4
McGlinchey's Bar & Grill,Tue,1
McMenamins Tavern,Thu,2
McMenamins Tavern,Tue,2
McStew's Irish Pub,Mon,3
McStew's Irish Pub,Thu,1
McStew's Irish Pub,Tue,1
Memphis Tap Room,Fri,1
Memphis Tap Room,Thu,1
Memphis Tap Room,Wed,2
Mica,Fri,1
Mica,Thu,1
Mica,Tue,2
Mica,Wed,1
Mike's Tavern,Fri,7
Mike's Tavern,Mon,1
Mike's Tavern,Sat,1
Mike's Tavern,Thu,8
Mike's Tavern,Tue,1
Mike's Tavern,Wed,4
Milk Boy(9999),Fri,1
Milk Boy(9999),Thu,2
Milk Boy(9999),Wed,1
Millers Ale House Springfield,Mon,1
Mineo Brewer's Outlet,Fri,6
Mineo Brewer's Outlet,Mon,4
Mineo Brewer's Outlet,Sat,1
Mineo Brewer's Outlet,Tue,8
Mineo Brewer's Outlet,Wed,1
Mint Gastropub,Mon,2
Mint Gastropub,Sun,1
Mint Gastropub,Tue,1
Mint Gastropub,Wed,1
MisConduct Tavern,Fri,2
MisConduct Tavern,Mon,1
MisConduct Tavern,Thu,1
MisConduct Tavern,Tue,4
MisConduct Tavern,Wed,3
Misconduct JFK Blvd,Fri,1
Misconduct JFK Blvd,Sat,1
Mojito,Thu,1
Mojito,Wed,3
Monde Market,Fri,16
Monde Market,Mon,2
Monde Market,Sun,2
Monde Market,Thu,1
Monde Market,Tue,3
Monde Market,Wed,3
Monk's Cafe,Fri,1
Moore Beverage,Fri,25
Moore Beverage,Mon,15
Moore Beverage,Sat,7
Moore Beverage,Sun,2
Moore Beverage,Thu,2
Moore Beverage,Tue,3
Moore Beverage,Wed,1
Moriarty's (9999),Fri,3
Moriarty's (9999),Mon,1
Moriarty's (9999),Sat,7
Moriarty's (9999),Sun,2
Moriarty's (9999),Tue,1
Moriarty's (9999),Wed,5
Mr. Bottle,Fri,2
Mr. Bottle,Mon,9
Mr. Bottle,Thu,1
Mr. Bottle,Tue,8
Mr. Bottle,Wed,1
NESHAMINY BEVERAGE,Fri,1
NESHAMINY BEVERAGE,Tue,2
NEWTOWN SQUARE BEVERAGE,Fri,5
NEWTOWN SQUARE BEVERAGE,Sat,3
NEWTOWN SQUARE BEVERAGE,Sun,1
NEWTOWN SQUARE BEVERAGE,Tue,10
NEWTOWN SQUARE BEVERAGE,Wed,2
NYX,Tue,7
Narberth Beverage Co.,Fri,8
Narberth Beverage Co.,Mon,18
Narberth Beverage Co.,Sat,1
Narberth Beverage Co.,Thu,1
Narberth Beverage Co.,Tue,4
Narberth Beverage Co.,Wed,3
National Mechanics ($%$%),Mon,1
Nectar,Mon,1
Nectar,Thu,2
Nectar,Wed,1
Neuf (%%%%),Fri,1
Neuf (%%%%),Tue,3
Nevulis Bev (Schnecksville),Fri,1
Nevulis Bev (Schnecksville),Tue,3
New Wave,Fri,2
New Wave,Mon,1
New Wave,Thu,1
New Wave,Tue,3
Newportville Inn,Mon,1
Newportville Inn,Wed,4
Newtown Beer Store,Fri,8
Newtown Beer Store,Mon,9
Newtown Beer Store,Thu,2
Newtown Beer Store,Tue,5
Newtown Beer Store,Wed,20
Newtown Fire Association,Tue,2
Newtown Fire Association,Wed,1
Newtown Suds,Fri,11
Newtown Suds,Mon,2
Newtown Suds,Sat,1
Newtown Suds,Sun,2
Newtown Suds,Thu,1
Newtown Suds,Tue,8
Newtown Suds,Wed,2
Nomad Pizza,Sun,1
Nomad Pizza,Wed,2
Nomad Roman,Fri,1
North 3rd,Fri,4
North 3rd,Mon,3
North 3rd,Sun,1
North 3rd,Thu,2
North 3rd,Wed,1
North End Beverage,Fri,14
North End Beverage,Mon,8
North End Beverage,Sat,1
North End Beverage,Sun,1
North End Beverage,Tue,1
North End Beverage,Wed,3
North Penn Beverage,Fri,26
North Penn Beverage,Mon,15
North Penn Beverage,Sat,3
North Penn Beverage,Tue,3
North Shore Beach Club,Tue,1
North Wales Beer Dist,Fri,1
North Wales Beer Dist,Mon,10
North Wales Beer Dist,Sat,2
North Wales Beer Dist,Tue,3
North Wales Beer Dist,Wed,1
Northeast Beverage (Castor Ave),Fri,25
Northeast Beverage (Castor Ave),Mon,11
Northeast Beverage (Castor Ave),Sat,12
Northeast Beverage (Castor Ave),Sun,3
Northeast Beverage (Castor Ave),Thu,8
Northeast Beverage (Castor Ave),Tue,15
Northeast Beverage (Castor Ave),Wed,22
Northern Liberties Beer,Fri,15
Northern Liberties Beer,Mon,2
Northern Liberties Beer,Sat,1
Northern Liberties Beer,Thu,1
Northern Liberties Beer,Wed,2
OK BEER MAN BEER DIST,Fri,3
OK BEER MAN BEER DIST,Tue,2
OTOWN CRAFT HOUSE,Mon,1
OTOWN CRAFT HOUSE,Tue,1
Oakmont National Pub,Fri,3
Oakmont National Pub,Mon,1
Oakmont National Pub,Thu,1
Oakmont National Pub,Tue,3
Oakmont National Pub,Wed,2
Old Eagle Tavern,Fri,2
Old Eagle Tavern,Tue,2
Old Eagle Tavern,Wed,1
Old Philly Ale House,Fri,19
Old Philly Ale House,Mon,4
Old Philly Ale House,Sat,2
Old Philly Ale House,Thu,5
Old Philly Ale House,Tue,6
Old Philly Ale House,Wed,5
Olde Bar,Fri,4
Olde Bar,Mon,3
Olde Bar,Sun,3
Olde Bar,Tue,5
Olde Bar,Wed,2
Olde Indian Valley Inn,Thu,1
One Stop Beverage,Fri,3
One Stop Beverage,Mon,4
One Stop Beverage,Sat,1
One Stop Beverage,Sun,2
One Stop Beverage,Thu,5
One Stop Beverage,Tue,5
One Stop Beverage,Wed,5
Opa Restaurant ($%$%),Mon,1
Original Sin Cider Corp,Sat,2
Ortino's,Fri,1
Ortino's,Wed,1
Ortlieb's,Fri,1
Ortlieb's,Mon,1
Ortlieb's,Wed,2
Oyster House,Tue,1
Oyster House,Wed,1
P'unk Ave (%) 99),Fri,1
P'unk Ave (%) 99),Thu,1
P'unk Ave (%) 99),Wed,2
PENNSUBRG BEER AND SODA ,Fri,2
PENNSUBRG BEER AND SODA ,Mon,1
PENNSUBRG BEER AND SODA ,Tue,3
PENNSUBRG BEER AND SODA ,Wed,1
PERKIOMEN DISTRIBUTORS,Thu,1
PERKIOMEN DISTRIBUTORS,Tue,2
PERKIOMEN DISTRIBUTORS,Wed,1
PHS POP UP SOUTH STREET,Fri,6
PHS POP UP SOUTH STREET,Mon,2
PHS POP UP SOUTH STREET,Sat,5
PHS POP UP SOUTH STREET,Thu,1
PHS POP UP SOUTH STREET,Wed,1
PIETROS PIZZERIA,Fri,1
PIETROS PIZZERIA,Sat,1
PIETROS PIZZERIA,Sun,1
PIETROS PIZZERIA,Thu,4
PIETROS PIZZERIA,Tue,3
PIETROS PIZZERIA,Wed,1
PIKES CREEK BEV,Mon,1
PIKES CREEK BEV,Tue,1
PINEVILLE TAVERN,Mon,1
PINOCCHIOS PIZZA,Fri,29
PINOCCHIOS PIZZA,Mon,15
PINOCCHIOS PIZZA,Sat,8
PINOCCHIOS PIZZA,Sun,12
PINOCCHIOS PIZZA,Thu,5
PINOCCHIOS PIZZA,Tue,12
PINOCCHIOS PIZZA,Wed,1
PJ WHELIHANS BLUE BELL,Mon,3
PJ WHELIHANS DOWNINGTOWN ,Tue,2
PJ WHELIHANS READING,Mon,1
PJ WHELIHANS READING,Tue,2
PJ WHELIHANS WEST CHESTER,Tue,1
PORTER HOUSE,Mon,2
PORTER HOUSE,Wed,1
PRINTZ BEV CO,Fri,2
PRINTZ BEV CO,Sun,1
PRINTZ BEV CO,Tue,2
PUB ON MAIN,Mon,1
PUSS N' BOOTS,Wed,1
Pag's Pub,Fri,1
Pag's Pub,Thu,1
Pag's Pub,Tue,1
Pag's Pub,Wed,1
Palm Restaurant,Mon,2
Palm Restaurant,Thu,1
Paoli Beverage,Fri,2
Paoli Beverage,Mon,4
Paoli Beverage,Sat,1
Paoli Beverage,Sun,1
Paoli Beverage,Tue,7
Pappous Pizza Pub,Tue,1
Pappous Pizza Pub,Wed,1
Paradise by the Slice,Fri,12
Paradise by the Slice,Mon,7
Paradise by the Slice,Sat,2
Paradise by the Slice,Sun,1
Paradise by the Slice,Tue,1
Park Towne Beverage,Fri,9
Park Towne Beverage,Mon,14
Park Towne Beverage,Tue,3
Park Towne Beverage,Wed,12
Parkway Corner Deli,Fri,4
Parkway Corner Deli,Mon,7
Parkway Corner Deli,Thu,1
Parkway Corner Deli,Tue,6
Parkway Corner Deli,Wed,4
Pasquale's Sports Bar,Fri,2
Pasquale's Sports Bar,Thu,2
Pasquale's Sports Bar,Wed,1
Pasquallys Pizza,Fri,8
Pasquallys Pizza,Mon,1
Pasquallys Pizza,Thu,2
Pasquallys Pizza,Tue,3
Pasquallys Pizza,Wed,3
Pat Deon Beverage,Fri,17
Pat Deon Beverage,Mon,9
Pat Deon Beverage,Sat,3
Pat Deon Beverage,Thu,1
Pat Deon Beverage,Tue,3
Pat Deon Beverage,Wed,2
Pats Beverage,Fri,8
Pats Beverage,Mon,4
Pats Beverage,Tue,5
Pavlish Beverage,Fri,5
Pavlish Beverage,Mon,10
Pavlish Beverage,Sat,2
Pavlish Beverage,Sun,2
Pavlish Beverage,Tue,7
Pavlish Beverage,Wed,2
Penn Taproom,Fri,1
Penn Thrift Beverage,Fri,2
Penn Thrift Beverage,Mon,1
Penn Thrift Beverage,Tue,1
Pennsport Beer Boutique,Mon,1
Pennsport Beer Boutique,Sun,1
Pennsport Beer Boutique,Thu,1
Pennsport Beer Boutique,Tue,1
Penny Pack Beverage,Fri,1
Perch Pub,Fri,3
Perch Pub,Tue,20
Perch Pub,Wed,2
Percy Street BBQ,Fri,2
Percy Street BBQ,Mon,30
Percy Street BBQ,Tue,5
Petruce Et Al.,Fri,1
Petruce Et Al.,Mon,1
Petruce Et Al.,Tue,3
Petruce Et Al.,Wed,1
Phila Brewing Co.,Fri,1
Phila Brewing Co.,Thu,1
Philadelphia Game Labs,Fri,1
Philadelphia Game Labs,Mon,1
Philadelphia Game Labs,Sat,2
Philadelphia Game Labs,Thu,1
Philadelphia Game Labs,Tue,1
Philadelphia Game Labs,Wed,1
Philly Beer Company,Fri,6
Philly Beer Company,Mon,2
Philly Beer Company,Sun,1
Philly Beer Company,Thu,4
Philly Beer Company,Tue,2
Philly Beer Company,Wed,6
Philly Steaks & Beer,Fri,23
Philly Steaks & Beer,Mon,17
Philly Steaks & Beer,Sat,4
Philly Steaks & Beer,Tue,5
Pickering Creek Inn,Mon,1
Pickering Creek Inn,Tue,9
Pioneer Distributing Co,Fri,1
Pioneer Distributing Co,Mon,5
Pioneer Distributing Co,Tue,5
Pioneer Distributing Co,Wed,1
Pitchers Pub,Fri,4
Pitchers Pub,Mon,3
Pitchers Pub,Tue,1
Pitchers Pub,Wed,2
Pizzeria Vetri CALLOWHILL,Mon,5
Pizzeria Vetri CALLOWHILL,Sat,1
Pizzeria Vetri CALLOWHILL,Sun,1
Pizzeria Vetri CALLOWHILL,Thu,3
Pizzeria Vetri CALLOWHILL,Tue,5
Pizzeria Vetri CALLOWHILL,Wed,3
Pizzeria Vetri CHANCELLOR,Thu,2
Pizzeria Vetri CHANCELLOR,Tue,1
Pizzeria Vetri CHANCELLOR,Wed,1
Plaza Beverage (Pittston),Fri,5
Plaza Beverage (Pittston),Mon,5
Plaza Beverage (Pittston),Tue,11
Plaza Beverage (Pittston),Wed,1
Porter's Pub,Fri,1
Porter's Pub,Mon,1
Porter's Pub,Tue,2
Post & Schell,Tue,1
Pottstown Beer Fest,Wed,1
Pourhouse Exton ,Fri,7
Pourhouse Exton ,Sun,2
Pourhouse Exton ,Tue,12
Pourhouse North Wales,Fri,5
Pourhouse North Wales,Mon,6
Pourhouse North Wales,Sat,1
Pourhouse North Wales,Thu,1
Pourhouse North Wales,Tue,3
Pourhouse North Wales,Wed,1
Pourhouse Pottstown,Fri,2
Pourhouse Pottstown,Mon,11
Pourhouse Pottstown,Wed,4
Prime-stache,Fri,1
Prohibition Tap Room,Fri,6
Prohibition Tap Room,Mon,4
Prohibition Tap Room,Sat,1
Prohibition Tap Room,Sun,1
Prohibition Tap Room,Thu,5
Prohibition Tap Room,Wed,4
Pub & Kitchen($%$%),Fri,3
Pub & Kitchen($%$%),Tue,1
Pulse (9999),Tue,4
Quaker City Mercantile($%$%),Fri,1
Quaker City Mercantile($%$%),Thu,1
Quakertown Beverage,Fri,6
Quakertown Beverage,Mon,3
Quakertown Beverage,Sun,1
Quakertown Beverage,Thu,2
Quakertown Beverage,Tue,3
Quakertown Beverage,Wed,2
Quality Beverage of NEPA,Fri,1
Quality Beverage of NEPA,Mon,1
Quotations,Fri,1
Quotations,Mon,1
RED STAR EXTON,Fri,3
RED STAR EXTON,Mon,4
RED STAR EXTON,Sun,2
RED STAR EXTON,Thu,1
RED STAR EXTON,Tue,15
REDHOUND GRILLE,Tue,2
RESTURANT 51,Fri,1
RESTURANT 51,Tue,1
RINGERS ROOST,Tue,1
RIVERCREST GOLF CLUB (%&%&),Fri,1
RIVERCREST GOLF CLUB (%&%&),Mon,5
RIVERCREST GOLF CLUB (%&%&),Sat,3
RIVERCREST GOLF CLUB (%&%&),Tue,1
RIVERCREST GOLF CLUB (%&%&),Wed,1
ROAR,Mon,3
ROAR,Tue,9
ROAR,Wed,1
ROLLING GREEN GOLF CLUB,Tue,1
ROLLING GREEN GOLF CLUB,Wed,1
RYANS HOUSE,Sat,1
RYANS HOUSE,Thu,1
RYANS HOUSE,Wed,1
Rader Company (Distributor),Fri,7
Rader Company (Distributor),Mon,4
Rader Company (Distributor),Sat,5
Rader Company (Distributor),Thu,1
Rader Company (Distributor),Tue,6
Rader Company (Distributor),Wed,1
Railroad Street Bar and Grill,Fri,4
Railroad Street Bar and Grill,Mon,3
Railroad Street Bar and Grill,Sat,3
Railroad Street Bar and Grill,Thu,5
Railroad Street Bar and Grill,Tue,2
Railroad Street Bar and Grill,Wed,6
Rainbow BruThru,Tue,4
Rainbow BruThru,Wed,1
Rams Head Bar & Grill,Fri,3
Rams Head Bar & Grill,Tue,12
Reading Liederkranz,Thu,1
Red Tettemer(%%99),Fri,2
Red Tettemer(%%99),Mon,7
Red Tettemer(%%99),Thu,3
Red Tettemer(%%99),Tue,6
Red Tettemer(%%99),Wed,1
Rembrandts,Fri,1
Rembrandts,Mon,1
Revolution House,Fri,5
Revolution House,Mon,1
Revolution House,Sat,1
Revolution House,Sun,1
Revolution House,Tue,1
Rex 1516,Mon,4
Rex 1516,Tue,2
Richboro Beer and Soda Inc,Fri,26
Richboro Beer and Soda Inc,Mon,8
Richboro Beer and Soda Inc,Sat,1
Richboro Beer and Soda Inc,Thu,1
Richboro Beer and Soda Inc,Tue,7
Richboro Beer and Soda Inc,Wed,1
Ridge Pike Beverage,Fri,3
Ridge Pike Beverage,Mon,4
Ridge Pike Beverage,Thu,1
Ridge Pike Beverage,Wed,1
Rite-Buy Beer Distributor,Fri,12
Rite-Buy Beer Distributor,Mon,5
Rite-Buy Beer Distributor,Sun,1
Rite-Buy Beer Distributor,Wed,1
Rittenhouse Hotel (9999),Fri,4
Rittenhouse Hotel (9999),Wed,1
Riverside Beverage,Mon,2
Riverside Beverage,Wed,1
Rockland Beverage,Mon,1
Rocko's Beverage,Fri,18
Rocko's Beverage,Mon,2
Rocko's Beverage,Sat,5
Rocko's Beverage,Tue,6
Rocko's Beverage,Wed,2
Ron's Original Bar & Grille,Mon,1
Ron's Original Bar & Grille,Thu,2
Ron's Original Bar & Grille,Tue,5
Ron's Original Bar & Grille,Wed,2
Roosevelt's (Bethlehem),Fri,1
Roosevelt's (Bethlehem),Mon,1
Roosevelt's (Bethlehem),Tue,2
Roosevelt's (Bethlehem),Wed,1
Roots Cafe,Mon,5
Roots Cafe,Tue,1
Royal Tavern,Sat,1
Royal Tavern,Wed,2
Rubb,Fri,1
RyBrew,Fri,7
RyBrew,Mon,11
RyBrew,Sat,1
RyBrew,Sun,1
RyBrew,Thu,13
RyBrew,Tue,10
RyBrew,Wed,2
SAINT DAVIDS GOLF CLUB,Fri,4
SAINT DAVIDS GOLF CLUB,Mon,1
SAINT DAVIDS GOLF CLUB,Tue,4
SAINT DAVIDS GOLF CLUB,Wed,1
SAM'S BRICK OVEN PIZZA ,Fri,5
SAM'S BRICK OVEN PIZZA ,Thu,1
SAM'S BRICK OVEN PIZZA ,Tue,1
SAM'S BRICK OVEN PIZZA ,Wed,4
SAN BEVERAGE,Fri,3
SAN BEVERAGE,Mon,22
SAN BEVERAGE,Tue,1
SAN BEVERAGE,Wed,4
SCHIEL BEVERAGE,Tue,4
SERPICO,Fri,3
SERPICO,Mon,1
SERPICO,Sun,1
SERPICO,Thu,1
SERPICO,Tue,2
SERPICO,Wed,2
SHANGY'S BEER ,Fri,5
SHANGY'S BEER ,Mon,3
SHANGY'S BEER ,Sat,1
SHANGY'S BEER ,Tue,13
SHANGY'S BEER ,Wed,1
SHOPRITE BENSALEM ,Fri,4
SHOPRITE BENSALEM ,Mon,7
SHOPRITE BENSALEM ,Sun,9
SHOPRITE DREXEL HILL ,Fri,3
SHOPRITE DREXEL HILL ,Mon,2
SHOPRITE DREXEL HILL ,Sun,3
SHOPRITE DREXEL HILL ,Thu,1
SHOPRITE DREXEL HILL ,Tue,4
SHOPRITE DREXEL HILL ,Wed,1
SHOPRITE FAIRLESS HILLS,Mon,1
SHOPRITE FAIRLESS HILLS,Sun,10
SHOPRITE FAIRLESS HILLS,Tue,1
SHOPRITE FAIRLESS HILLS,Wed,1
SIDE BAR ,Fri,18
SIDE BAR ,Sat,2
SIDE BAR ,Sun,2
SIDE BAR ,Thu,5
SIDE BAR ,Tue,5
SIDE BAR ,Wed,2
SLIGO,Fri,1
SLIGO,Mon,1
SLIGO,Sun,1
SLIGO,Tue,10
SOUTH HOUSE,Sat,1
SOUTH HOUSE,Tue,1
SOUTH HOUSE,Wed,2
STATESIDE (ESCOW),Fri,2
STATESIDE (ESCOW),Sat,1
STATESIDE (ESCOW),Thu,2
STATESIDE (ESCOW),Wed,1
STOOGES,Tue,2
SUMMIT BEVERAGE,Tue,6
SUNSHINE BEVERAGE,Thu,2
SUNSHINE BEVERAGE,Wed,2
Sabatini's,Fri,23
Sabatini's,Mon,14
Sabatini's,Sat,3
Sabatini's,Thu,5
Sabatini's,Tue,16
Sabatini's,Wed,1
Sample,Fri,1
Sample,Thu,3
Sample,Tue,1
Sample,Wed,1
Sancho Pistolas,Fri,1
Sancho Pistolas,Wed,1
Santino's Family Restaurant,Fri,7
Santino's Family Restaurant,Sat,2
Santino's Family Restaurant,Sun,1
Santino's Family Restaurant,Thu,1
Santino's Family Restaurant,Tue,1
Santino's Family Restaurant,Wed,1
Sbraga,Fri,1
Sbraga,Mon,5
Sbraga,Sat,2
Sbraga,Wed,1
Sellersville Beverage,Fri,2
Sellersville Beverage,Mon,8
Sellersville Beverage,Sun,1
Sellersville Beverage,Thu,1
Sellersville Beverage,Tue,5
Sellersville Beverage,Wed,5
Shelton Bros.,Tue,1
Six Pack Store,Thu,1
Sixty-One Brew-Thru,Fri,7
Sixty-One Brew-Thru,Mon,3
Sixty-One Brew-Thru,Sun,1
Sixty-One Brew-Thru,Thu,8
Sixty-One Brew-Thru,Tue,4
Sixty-One Brew-Thru,Wed,4
Skippack Beverage,Fri,19
Skippack Beverage,Mon,10
Skippack Beverage,Sat,2
Skippack Beverage,Tue,5
Skippack Beverage,Wed,1
Slainte,Fri,1
Slainte,Thu,1
Smokey Bones,Mon,2
Smokey Bones,Sun,1
Smokey Bones,Wed,2
Smokey Pints,Fri,2
Smokey Pints,Sat,1
Smokey Pints,Tue,2
Smokey Pints,Wed,2
Smokin Betty's,Tue,1
Society Hill Beverage,Fri,26
Society Hill Beverage,Mon,17
Society Hill Beverage,Sat,9
Society Hill Beverage,Sun,6
Society Hill Beverage,Thu,5
Society Hill Beverage,Tue,7
South Mountain Bev ALLENTOWN,Mon,3
South Mountain Bev ALLENTOWN,Tue,3
South Mountain Bev ALLENTOWN,Wed,2
South Mountain Dist WERNERSVILLE,Thu,2
South Mountain Dist WERNERSVILLE,Tue,2
South Mountain Dist WERNERSVILLE,Wed,1
South Philly Tap Room,Fri,1
South Philly Tap Room,Thu,1
South Philly Tap Room,Tue,1
South Philly Tap Room,Wed,1
Southampton Beverage Co.,Fri,12
Southampton Beverage Co.,Mon,10
Southampton Beverage Co.,Sat,2
Southampton Beverage Co.,Tue,3
Southampton Beverage Co.,Wed,7
Southern Cross Kitchen,Fri,1
Southern Cross Kitchen,Mon,2
Southern Cross Kitchen,Wed,1
Southgate,Fri,1
Southgate,Mon,2
Southgate,Sun,1
Southgate,Thu,1
Southgate,Wed,1
Spaz Beverage,Fri,6
Spaz Beverage,Mon,11
Spaz Beverage,Tue,20
Speedy Beverage,Mon,1
Speedy Beverage,Wed,1
Spinnerstown Hotel,Fri,3
Spinnerstown Hotel,Mon,8
Spinnerstown Hotel,Thu,1
Spinnerstown Hotel,Wed,2
Split Rail Tavern,Fri,4
Split Rail Tavern,Mon,2
Split Rail Tavern,Sat,1
Split Rail Tavern,Sun,1
Split Rail Tavern,Thu,1
Split Rail Tavern,Tue,3
Split Rail Tavern,Wed,1
Spor's General Store,Mon,3
Spor's General Store,Tue,1
Spor's General Store,Wed,3
Springfield Beer PHILADELPHIA,Fri,7
Springfield Beer PHILADELPHIA,Mon,1
Springfield Beer PHILADELPHIA,Sat,8
Springfield Beer PHILADELPHIA,Thu,1
Springfield Beer PHILADELPHIA,Wed,4
Springfield Bevg. Suburbs,Fri,1
Springfield Bevg. Suburbs,Sat,1
Springfield Bevg. Suburbs,Thu,1
Springfield Bevg. Suburbs,Wed,1
Springfield Suds & Soda,Mon,1
Springfield Suds & Soda,Thu,1
Springfield Suds & Soda,Tue,3
Springfield Suds & Soda,Wed,2
Stadium Andalusia,Mon,1
Stadium Andalusia,Wed,1
Stadium Express,Fri,2
Stadium Express,Tue,1
Stadium Express,Wed,1
Starfish Junction Productions (%%%%),Thu,2
Starfish Junction Productions (%%%%),Tue,1
Starfish Junction Productions (%%%%),Wed,4
Starr Restautant Catering Group(%%%%),Mon,1
Station Tap House Doylestown,Fri,1
Station Tap House Doylestown,Mon,1
Station Tap House Doylestown,Thu,2
Station Tap House Doylestown,Tue,1
Station Tap House Doylestown,Wed,3
Station Tap Room,Fri,1
Station Tap Room,Tue,10
Steam Pub,Fri,1
Steam Pub,Sun,1
Steam Pub,Thu,1
Steam Pub,Tue,2
Steam Pub,Wed,4
Sto's Bar,Sun,1
Stockertown Beverage,Tue,3
Stone's Beverage ,Fri,2
Stone's Beverage ,Mon,2
Stone's Beverage ,Thu,1
Stone's Beverage ,Tue,3
Strange Brew Tavern,Sat,1
Strange Brew Tavern,Thu,1
Strange Brew Tavern,Tue,8
Strangelove's,Sat,1
Super Value Beverage,Fri,8
Super Value Beverage,Mon,13
Super Value Beverage,Sat,2
Super Value Beverage,Tue,5
Super Value Beverage,Wed,9
Superior Beverage,Fri,8
Superior Beverage,Mon,41
Superior Beverage,Sat,1
Superior Beverage,Sun,5
Superior Beverage,Thu,2
Superior Beverage,Tue,2
Superior Beverage,Wed,2
Supper (99),Fri,1
Supper (99),Thu,1
T.J.'s Drinkery,Fri,21
T.J.'s Drinkery,Mon,6
T.J.'s Drinkery,Sat,5
T.J.'s Drinkery,Sun,4
T.J.'s Drinkery,Thu,1
T.J.'s Drinkery,Tue,10
T.J.'s Drinkery,Wed,1
TAPS TAVERN,Tue,1
TAQUERIA FELIZ HORSHAM,Mon,1
TAQUERIA FELIZ HORSHAM,Tue,2
THE BARN ($%$%),Mon,1
THE FINAL SCORE,Tue,1
TICKETLEAP $%$%$,Thu,1
TICKETLEAP $%$%$,Tue,5
TICKETLEAP $%$%$,Wed,3
TIFFANYS TAP AND GRILL,Tue,2
TNK,Fri,1
TNK,Mon,6
TNK,Wed,2
TONIC DESIGN,Fri,1
TONIC DESIGN,Mon,1
TOWN FOOD MARKET,Mon,2
Talula's Garden *,Sat,1
Tanczos - Bethlehem,Fri,16
Tanczos - Bethlehem,Mon,35
Tanczos - Bethlehem,Sat,1
Tanczos - Bethlehem,Sun,2
Tanczos - Bethlehem,Tue,7
Tanczos - Northampton,Fri,5
Tanczos - Northampton,Mon,15
Tanczos - Northampton,Sat,1
Tanczos - Northampton,Tue,16
Tanczos - Northampton,Wed,1
Taphouse 23,Fri,4
Taphouse 23,Mon,2
Taphouse 23,Thu,4
Taphouse 23,Tue,1
Taphouse 23,Wed,2
Taproom on 19th Street,Fri,1
Taproom on 19th Street,Mon,3
Taproom on 19th Street,Sun,1
Taproom on 19th Street,Thu,4
Taqueria Feliz,Mon,1
Taqueria Feliz,Tue,1
Tashan ,Tue,1
Tattooed Moms,Fri,1
Tattooed Moms,Wed,2
Tavern on Broad,Fri,1
Tavern on Liberty (STEVE),Fri,2
Tavern on Liberty (STEVE),Sat,1
Tavern on Liberty (STEVE),Tue,26
Tavern on Liberty (STEVE),Wed,2
Taylor Beverage,Tue,2
Teca Restaurant,Tue,1
The Bards,Fri,1
The Bards,Mon,1
The Bards,Tue,2
The Bards,Wed,1
The Beer Shoppe,Fri,12
The Beer Shoppe,Mon,45
The Beer Shoppe,Sat,8
The Beer Shoppe,Sun,6
The Beer Shoppe,Tue,1
The Beer Shoppe,Wed,1
The Bottle Shop,Fri,17
The Bottle Shop,Mon,2
The Bottle Shop,Sat,4
The Bottle Shop,Thu,3
The Bottle Shop,Wed,10
The Crow And The Pitcher,Thu,2
The Crow And The Pitcher,Tue,1
The Fitler Dining Room ,Sat,2
The Fitler Dining Room ,Thu,1
The Fitler Dining Room ,Wed,1
The Lucky Well,Wed,1
The Tap Room Sports Bar%%%%%,Mon,3
The Tap Room Sports Bar%%%%%,Tue,4
The Works / Building 24,Fri,6
The Works / Building 24,Mon,8
The Works / Building 24,Thu,1
The Works / Building 24,Tue,3
The Works / Building 24,Wed,1
Thirsty's Beer,Fri,12
Thirsty's Beer,Mon,19
Thirsty's Beer,Sat,2
Thirsty's Beer,Thu,2
Thirsty's Beer,Tue,3
Thirsty's Beer,Wed,5
Thorndale Beverage,Mon,2
Thriftway Port Richmond,Fri,38
Thriftway Port Richmond,Mon,9
Thriftway Port Richmond,Sat,11
Thriftway Port Richmond,Sun,2
Thriftway Port Richmond,Thu,2
Thriftway Port Richmond,Tue,4
Thrifty Beverage,Mon,2
Thrifty Beverage,Tue,2
Time Restaurant ,Thu,1
Time Restaurant ,Wed,1
Tinto,Sat,1
Tio Flores,Fri,2
Tio Flores,Mon,2
Tio Flores,Tue,1
Tir Na Nog,Fri,1
Tir Na Nog,Sat,1
Tomato Bistro,Fri,2
Tomato Bistro,Mon,2
Tomato Bistro,Thu,1
Tomato Bistro,Wed,1
Toms Pizza Place,Mon,1
Toms Pizza Place,Tue,1
Tony's Place,Fri,4
Tony's Place,Thu,1
Tony's Place,Tue,1
Tony's Place,Wed,5
Tornetta's Pizza,Mon,3
Tornetta's Pizza,Thu,1
Tornetta's Pizza,Wed,3
Torre,Fri,2
Torre,Tue,2
Tosco,Thu,1
Tosco,Wed,3
Towamencin Beverage,Fri,18
Towamencin Beverage,Mon,3
Towamencin Beverage,Sat,1
Towamencin Beverage,Sun,1
Towamencin Beverage,Thu,2
Towamencin Beverage,Tue,3
Towamencin Beverage,Wed,20
Townsend,Fri,2
Townsend,Mon,1
Townsend,Sat,2
Townsend,Tue,1
Township Line Beverage,Fri,7
Township Line Beverage,Mon,13
Township Line Beverage,Sat,1
Township Line Beverage,Sun,4
Township Line Beverage,Thu,1
Township Line Beverage,Tue,24
Township Line Beverage,Wed,1
Trapp Door,Fri,2
Trapp Door,Thu,1
Trapp Door,Tue,7
Trapp Door,Wed,1
Trappe Beer & Soda,Fri,2
Trappe Beer & Soda,Mon,9
Trappe Beer & Soda,Sat,2
Trappe Beer & Soda,Tue,1
Trenton Road Takeout,Fri,24
Trenton Road Takeout,Mon,45
Trenton Road Takeout,Sat,1
Trenton Road Takeout,Tue,2
Trenton Road Takeout,Wed,1
Trestle Inn ,Fri,3
Trevose Beer,Mon,3
Trevose Beer,Sat,1
Trevose Beer,Tue,2
Trevose Beer,Wed,1
Tri Beer,Fri,3
Tri Beer,Mon,3
Tri Beer,Thu,1
Tri Beer,Tue,2
Tri Beer,Wed,1
Tria - Fitler Sq,Fri,1
Tria - Fitler Sq,Mon,8
Tria - Fitler Sq,Tue,2
Tria - Rittenhouse,Fri,1
Tria - Rittenhouse,Mon,7
Tria - Rittenhouse,Tue,2
Tria - Washington Square,Fri,1
Tria - Washington Square,Mon,7
Tria - Washington Square,Tue,3
Tria Taproom,Fri,3
Tria Taproom,Mon,9
Tria Taproom,Sat,2
Tria Taproom,Thu,6
Tria Taproom,Tue,4
Tria Taproom,Wed,3
Triangle Tavern,Fri,1
Triangle Tavern,Mon,2
Triangle Tavern,Tue,3
Trolley Car Diner,Fri,2
Twenty Manning (%%),Fri,3
Twenty Manning (%%),Mon,2
Twenty Manning (%%),Sat,1
Twenty Manning (%%),Sun,1
Twenty Manning (%%),Thu,1
Twenty Manning (%%),Wed,1
Two Stones Pub,Fri,2
Two Stones Pub,Mon,4
Two Stones Pub,Sat,1
Two Stones Pub,Sun,2
Two Stones Pub,Tue,2
UNION TAP MANYUNK,Fri,7
UNION TAP MANYUNK,Mon,4
UNION TAP MANYUNK,Thu,3
UNION TAP MANYUNK,Tue,2
UNION TAP MANYUNK,Wed,1
UNION TAP NORTHEAST,Fri,2
UNION TAP NORTHEAST,Thu,1
UNION TAP NORTHEAST,Wed,3
Ugly Oyster,Thu,1
Union Jack's - Olde Congo,Fri,2
Union Jack's - Olde Congo,Mon,7
Union Jack's - Olde Congo,Sat,2
Union Jack's - Olde Congo,Thu,1
Union Jack's - Olde Congo,Tue,3
Union Jack's - Olde Congo,Wed,16
Union Jacks - Glenside,Fri,4
Union Jacks - Glenside,Mon,2
Union Jacks - Glenside,Sat,1
Union Jacks - Glenside,Thu,1
Union Jacks - Glenside,Wed,4
Union Jacks - Manatawny,Fri,2
Union Jacks - Manatawny,Mon,3
Union Jacks - Manatawny,Sun,1
Union Jacks - Manatawny,Thu,10
Union Jacks - Manatawny,Wed,1
University of THE ARTS(99),Fri,1
Uno's Warrington,Tue,1
Urban Outfitters Beer Club,Thu,1
Urban Saloon,Fri,5
Urban Saloon,Mon,5
Urban Saloon,Sat,1
Urban Saloon,Thu,2
Urban Saloon,Tue,2
V STREET $%$%$,Fri,2
V STREET $%$%$,Tue,3
VARIETY PACKS,Fri,2
VARIETY PACKS,Mon,1
VARIETY PACKS,Sat,1
VARIETY PACKS,Thu,3
VARIETY PACKS,Wed,4
VESPER,Mon,2
VESPER,Sun,1
VESPER,Tue,3
VESPER,Wed,2
VESUVIO - DRUM PA,Thu,1
VESUVIO- WILKES BARRE,Fri,1
VESUVIO- WILKES BARRE,Mon,1
VESUVIO- WILKES BARRE,Sat,1
VESUVIO- WILKES BARRE,Thu,3
VESUVIO- WILKES BARRE,Tue,3
VIA MARCONI PIZZA PUB,Fri,7
VIA MARCONI PIZZA PUB,Mon,3
VIA MARCONI PIZZA PUB,Thu,1
VIA MARCONI PIZZA PUB,Tue,2
VIA MARCONI PIZZA PUB,Wed,4
VIA MARCONI SMOKEHOUSE,Fri,1
VIA MARCONI SMOKEHOUSE,Mon,2
VIP Market,Fri,37
VIP Market,Mon,9
VIP Market,Sat,17
VIP Market,Sun,2
VIP Market,Thu,2
VIP Market,Tue,21
VIP Market,Wed,7
Valley Beverage,Fri,4
Valley Beverage,Mon,6
Valley Beverage,Thu,1
Valley Beverage,Tue,5
Valley Beverage,Wed,4
Valley Forge Casino,Fri,1
Valley Forge Casino,Mon,4
Valley Forge Casino,Tue,3
Varga Bar,Mon,4
Varga Bar,Thu,3
Varga Bar,Tue,4
Varga Bar,Wed,1
Vedge Restaurant (%9%9),Fri,4
Vedge Restaurant (%9%9),Mon,3
Vedge Restaurant (%9%9),Sat,2
Vedge Restaurant (%9%9),Thu,1
Vedge Restaurant (%9%9),Tue,1
Vetri ($%$%$),Fri,1
Vetri ($%$%$),Thu,1
Vetri ($%$%$),Wed,1
Vintage Bar & Grill,Fri,1
Vintage Bar & Grill,Mon,2
Vintage Bar & Grill,Sun,1
Vintage Bar & Grill,Thu,1
Vintage Wine Bar ($%99),Thu,2
Vintage Wine Bar ($%99),Tue,2
Volpes Sports Bar,Fri,1
Volpes Sports Bar,Sun,1
Volpes Sports Bar,Tue,2
Volpes Sports Bar,Wed,1
WASCO BEER,Fri,1
WASCO BEER,Mon,1
WASCO BEER,Sat,1
WASCO BEER,Sun,1
WASCO BEER,Thu,1
WASCO BEER,Tue,3
WASCO BEER,Wed,2
WEGMANS ALLENTOWN,Fri,5
WEGMANS ALLENTOWN,Mon,46
WEGMANS ALLENTOWN,Sat,1
WEGMANS ALLENTOWN,Thu,1
WEGMANS ALLENTOWN,Tue,6
WEGMANS ALLENTOWN,Wed,7
WEGMANS COLLEGEVILLE,Fri,4
WEGMANS COLLEGEVILLE,Mon,10
WEGMANS COLLEGEVILLE,Sun,52
WEGMANS COLLEGEVILLE,Thu,1
WEGMANS CONCORDVILLE,Fri,9
WEGMANS CONCORDVILLE,Mon,3
WEGMANS CONCORDVILLE,Sun,11
WEGMANS DOWNINGTOWN,Fri,4
WEGMANS DOWNINGTOWN,Mon,6
WEGMANS DOWNINGTOWN,Sun,61
WEGMANS DOWNINGTOWN,Thu,1
WEGMANS DOWNINGTOWN,Tue,2
WEGMANS EASTON (ESCROW),Tue,1
WEGMANS KING OF PRUSSIA,Fri,17
WEGMANS KING OF PRUSSIA,Mon,4
WEGMANS KING OF PRUSSIA,Sat,2
WEGMANS KING OF PRUSSIA,Sun,43
WEGMANS KING OF PRUSSIA,Thu,2
WEGMANS KING OF PRUSSIA,Tue,4
WEGMANS KING OF PRUSSIA,Wed,2
WEGMANS MALVERN,Fri,9
WEGMANS MALVERN,Mon,11
WEGMANS MALVERN,Sat,10
WEGMANS MALVERN,Sun,34
WEGMANS MALVERN,Thu,1
WEGMANS MALVERN,Wed,2
WEGMANS MONTGOMERYVILLE,Fri,19
WEGMANS MONTGOMERYVILLE,Mon,11
WEGMANS MONTGOMERYVILLE,Sat,3
WEGMANS MONTGOMERYVILLE,Sun,29
WEGMANS MONTGOMERYVILLE,Thu,2
WEGMANS MONTGOMERYVILLE,Tue,1
WEGMANS MONTGOMERYVILLE,Wed,2
WEGMANS NAZARETH,Fri,5
WEGMANS NAZARETH,Mon,16
WEGMANS NAZARETH,Tue,9
WEGMANS NAZARETH,Wed,4
WEGMANS WARRINGTON,Fri,5
WEGMANS WARRINGTON,Mon,4
WEGMANS WARRINGTON,Sun,45
WEGMANS WARRINGTON,Tue,1
WEGMANS WARRINGTON,Wed,1
WEGMANS WILKES BARRE 999999,Tue,1
WEIS BETHLEHEM,Fri,2
WEIS BETHLEHEM,Thu,1
WEIS CONSHOHACKEN,Fri,8
WEIS CONSHOHACKEN,Mon,4
WEIS CONSHOHACKEN,Sat,1
WEIS CONSHOHACKEN,Sun,19
WEIS CONSHOHACKEN,Thu,2
WEIS CONSHOHACKEN,Tue,1
WEIS CONSHOHACKEN,Wed,1
WEIS DOYLESTOWN ,Fri,23
WEIS DOYLESTOWN ,Mon,13
WEIS DOYLESTOWN ,Sat,11
WEIS DOYLESTOWN ,Sun,8
WEIS DOYLESTOWN ,Thu,1
WEIS HUNTINGDON VALLEY,Fri,10
WEIS HUNTINGDON VALLEY,Mon,4
WEIS HUNTINGDON VALLEY,Sat,5
WEIS HUNTINGDON VALLEY,Sun,4
WEIS HUNTINGDON VALLEY,Thu,4
WEIS HUNTINGDON VALLEY,Tue,1
WEIS NORRISTOWN,Fri,4
WEIS NORRISTOWN,Mon,6
WEIS NORRISTOWN,Sat,1
WEIS NORRISTOWN,Sun,12
WEIS NORRISTOWN,Thu,1
WEIS NORRISTOWN,Tue,3
WEIS NORRISTOWN,Wed,1
WHATS BREWIN ALE SHOPPE,Mon,2
WHATS BREWIN ALE SHOPPE,Tue,7
WHITE MANOR COUNTRY CLUB,Fri,4
WHITE MANOR COUNTRY CLUB,Mon,5
WHITE MANOR COUNTRY CLUB,Thu,1
WHITE MANOR COUNTRY CLUB,Tue,2
WHITE MANOR COUNTRY CLUB,Wed,3
WHOLE FOODS DEVON,Fri,22
WHOLE FOODS DEVON,Mon,3
WHOLE FOODS DEVON,Sat,34
WHOLE FOODS DEVON,Sun,15
WHOLE FOODS DEVON,Thu,1
WHOLE FOODS DEVON,Tue,4
WHOLE FOODS DEVON,Wed,2
WHOLE FOODS GLEN MILLS,Fri,22
WHOLE FOODS GLEN MILLS,Mon,4
WHOLE FOODS GLEN MILLS,Sat,24
WHOLE FOODS GLEN MILLS,Sun,11
WHOLE FOODS GLEN MILLS,Thu,1
WHOLE FOODS GLEN MILLS,Tue,3
WHOLE FOODS GLEN MILLS,Wed,3
WHOLE FOODS PLYMOUTH MTG,Fri,27
WHOLE FOODS PLYMOUTH MTG,Mon,6
WHOLE FOODS PLYMOUTH MTG,Sat,3
WHOLE FOODS PLYMOUTH MTG,Sun,20
WILLIAM STREET COMMONS,Thu,1
WYOMING VALLEY BEV,Fri,2
WYOMING VALLEY BEV,Mon,2
WYOMING VALLEY BEV,Tue,9
WYOMING VALLEY BEV,Wed,2
Watkins Drinkery,Mon,2
Wayne Beverage Exchange,Fri,2
Wayne Beverage Exchange,Mon,5
Wayne Beverage Exchange,Sat,1
Wayne Beverage Exchange,Tue,8
Wayne Beverage Exchange,Wed,1
Wayne Hotel/Paramour,Fri,1
Wayne Hotel/Paramour,Thu,2
Waywood Beverage Center,Fri,11
Waywood Beverage Center,Mon,16
Waywood Beverage Center,Sat,6
Waywood Beverage Center,Tue,13
Weis Lansdale,Fri,6
Weis Lansdale,Mon,1
Weis Lansdale,Thu,1
Weis Lansdale,Wed,4
Weis Pennsburg,Fri,2
Weis Pennsburg,Mon,2
Weis Pennsburg,Sat,1
Weis Pennsburg,Sun,1
Weis Pennsburg,Thu,2
Weis Pennsburg,Tue,4
Weis Pennsburg,Wed,2
West End Beverage,Mon,1
West End Beverage,Wed,1
West Lawn Beverage,Fri,3
West Lawn Beverage,Mon,8
West Lawn Beverage,Sat,1
West Lawn Beverage,Thu,2
West Lawn Beverage,Tue,1
West Lawn Beverage,Wed,1
West Reading Tavern,Fri,1
West Reading Tavern,Mon,4
West Reading Tavern,Sat,2
West Reading Tavern,Sun,1
West Reading Tavern,Thu,2
West Reading Tavern,Tue,7
West Reading Tavern,Wed,3
Whetstone Tavern,Fri,1
Whetstone Tavern,Mon,2
Whetstone Tavern,Tue,1
Whip Tavern,Fri,1
Whip Tavern,Mon,2
Whip Tavern,Sat,2
Whip Tavern,Sun,1
Whip Tavern,Tue,1
Whip Tavern,Wed,1
White Marsh Beverage,Fri,6
White Marsh Beverage,Mon,14
White Marsh Beverage,Sat,5
White Marsh Beverage,Sun,2
White Marsh Beverage,Tue,2
Whitpain Beverage,Mon,3
Windsor Distributing,Fri,3
Windsor Distributing,Mon,1
Windsor Distributing,Thu,2
Windsor Distributing,Tue,3
Windsor Distributing,Wed,3
Womelsdorf Beverage,Fri,5
Womelsdorf Beverage,Mon,2
Womelsdorf Beverage,Sat,1
Womelsdorf Beverage,Thu,17
Womelsdorf Beverage,Tue,3
Womelsdorf Beverage,Wed,6
Worcester Beverage,Mon,2
Worcester Beverage,Tue,2
Worldwide Beverage,Fri,5
Worldwide Beverage,Mon,2
Worldwide Beverage,Sat,2
Worldwide Beverage,Thu,2
Worldwide Beverage,Wed,3
Xfinity Live,Tue,3
Xfinity Live,Wed,1
Xilantro,Thu,1
Xilantro,Tue,1
Yardly Buisness Association,Fri,1
Yardly Buisness Association,Thu,1
Yardly Inn,Fri,1
Yardly Inn,Mon,1
Yardly Inn,Sat,1
Zavino Midtown,Fri,1
Zavino Midtown,Mon,1
Zavino Midtown,Tue,2
Zavino Midtown,Wed,1
Zen Beverage,Fri,10
Zen Beverage,Mon,1
Zen Beverage,Sat,3
Zen Beverage,Thu,1
Zen Beverage,Tue,1
