company,Top-Sale,Top-Day,Second-Sale,Second-Day,Third-Sale,Third-Day
BAR HYGGE,1, 'Wed',,,,
McMenamins Tavern,2, 'Tue',,,,
WEGMANS MONTGOMERYVILLE,29, 'Sun',19, 'Fri',11, 'Mon'
Perch Pub,20, 'Tue',3, 'Fri',2, 'Wed'
Royal Tavern,2, 'Wed',1, 'Sat',,
Spaz Beverage,20, 'Tue',11, 'Mon',6, 'Fri'
Kennett Restaurant,1, 'Fri',,,,
Trenton Road Takeout,45, 'Mon',24, 'Fri',2, 'Tue'
ASHTON BEVERAGE CO.,2, 'Tue',1, 'Mon',,
TIFFANYS TAP AND GRILL,2, 'Tue',,,,
Towamencin Beverage,20, 'Wed',18, 'Fri',3, 'Tue'
BROWN ST PUB,5, 'Fri',3, 'Tue',2, 'Wed'
Grey Lodge Pub,5, 'Tue',1, 'Wed',,
WEGMANS MALVERN,34, 'Sun',11, 'Mon',10, 'Sat'
THE FINAL SCORE,1, 'Tue',,,,
Bailey's Bar & Grill,6, 'Mon',4, 'Sun',3, 'Wed'
Philly Steaks & Beer,23, 'Fri',17, 'Mon',5, 'Tue'
Beer Mill,20, 'Mon',8, 'Tue',6, 'Fri'
Bridgeport Beer,7, 'Fri',6, 'Mon',3, 'Tue'
Arena Bar & Grill,1, 'Wed',,,,
CHICKIES & PETE'S PARX (%%),1, 'Mon',,,,
Lamb Beverage,12, 'Tue',2, 'Thu',1, 'Wed'
Jessup Beverage,6, 'Tue',,,,
Amity 1st Stop Beverage,2, 'Tue',1, 'Thu',,
HIGHLAND BEVERAGE,2, 'Fri',1, 'Wed',,
GANLY'S PUB,8, 'Fri',3, 'Tue',1, 'Wed'
Newtown Beer Store,20, 'Wed',9, 'Mon',8, 'Fri'
Drinker Biddle & Reath(9$9$),1, 'Tue',,,,
DRAKES TAVERN,1, 'Fri',,,,
GIANT NEW HOPE,3, 'Sun',2, 'Tue',1, 'Sat'
ACME CONCORDVILLE,9, 'Thu',8, 'Mon',5, 'Tue'
VIA MARCONI SMOKEHOUSE,2, 'Mon',1, 'Fri',,
KUTZTOWN BOTTLING WORKS,2, 'Tue',,,,
Nectar,2, 'Thu',1, 'Wed',,
50 YARD LINE,1, 'Tue',,,,
Black Taxi,2, 'Sun',1, 'Wed',,
Bill Murphy's Irish Saloon,4, 'Fri',2, 'Thu',,
CARMINE PIZZA,2, 'Tue',1, 'Mon',,
Madonna Beverage,2, 'Wed',1, 'Tue',,
Locust Deli,11, 'Fri',6, 'Sat',4, 'Mon'
Fries Rebellion,3, 'Thu',2, 'Wed',1, 'Mon'
Cantina - Los Caballitos,2, 'Wed',,,,
MADIRA BAR & GRILL,2, 'Tue',1, 'Wed',,
Weis Lansdale,6, 'Fri',4, 'Wed',1, 'Thu'
Boccellas,18, 'Fri',8, 'Sun',5, 'Tue'
BUTCHER & BARKEEP,5, 'Fri',4, 'Wed',3, 'Tue'
Liberty Bell Bev (Allentown),15, 'Tue',3, 'Fri',2, 'Wed'
Family Beverage,32, 'Fri',16, 'Mon',11, 'Sun'
Jerry's Bar,3, 'Mon',2, 'Wed',1, 'Tue'
Han Dynasty OLD CITY,5, 'Fri',4, 'Wed',2, 'Mon'
Cocco's Pizza,4, 'Tue',1, 'Wed',,
CHICKIES & PETE'S DREXEL (%%),2, 'Mon',,,,
LUDWIGS GRILL & OSTER BAR,3, 'Tue',,,,
Tavern on Liberty (STEVE),26, 'Tue',2, 'Wed',1, 'Sat'
Kunda Beverage,31, 'Mon',16, 'Fri',5, 'Tue'
ALOOSH,1, 'Fri',,,,
Monde Market,16, 'Fri',3, 'Wed',2, 'Sun'
FRONT STREET CAFE,3, 'Mon',1, 'Wed',,
Broomall Beverage,2, 'Wed',,,,
Horse Tavern,7, 'Fri',6, 'Tue',3, 'Wed'
Mac's Tavern,4, 'Wed',,,,
Beer Super Inc.,1, 'Fri',,,,
PENNSUBRG BEER AND SODA ,3, 'Tue',2, 'Fri',1, 'Wed'
Khyber Pass ,3, 'Fri',2, 'Tue',1, 'Wed'
Manny Browns,2, 'Mon',1, 'Tue',,
Beverage World,10, 'Mon',4, 'Tue',,
CHURCHVILLE INN,7, 'Fri',6, 'Mon',5, 'Wed'
PUSS N' BOOTS,1, 'Wed',,,,
Back Alley Beverage,11, 'Mon',10, 'Tue',4, 'Wed'
Sabatini's,23, 'Fri',16, 'Tue',14, 'Mon'
Supper (99),1, 'Thu',,,,
Franklin,12, 'Fri',3, 'Wed',,
Jon's Bar & Grill,8, 'Fri',3, 'Tue',2, 'Mon'
Cold Spring Beverages,11, 'Mon',7, 'Wed',6, 'Tue'
Audubon Beverage,2, 'Wed',1, 'Sat',,
ICE COLD BEER HERE,2, 'Tue',1, 'Thu',,
Chester County Beverage,2, 'Mon',1, 'Tue',,
County Beverage,3, 'Tue',1, 'Mon',,
BAR-LY,2, 'Tue',1, 'Wed',,
Beverage Stop,1, 'Mon',,,,
Javie's Beer Distributor ,10, 'Tue',8, 'Mon',3, 'Thu'
GIANT WEST CHESTER,13, 'Sun',4, 'Fri',2, 'Tue'
Bell Hall,3, 'Wed',,,,
TAQUERIA FELIZ HORSHAM,2, 'Tue',1, 'Mon',,
Barnaby's Of America HAVERTOWN,2, 'Tue',,,,
BEER LOVE(%%%%),6, 'Sat',4, 'Sun',2, 'Wed'
Beer Yard,32, 'Fri',30, 'Sun',21, 'Mon'
North Penn Beverage,26, 'Fri',15, 'Mon',3, 'Tue'
PJ WHELIHANS WEST CHESTER,1, 'Tue',,,,
Craft Beer Outlet Philadelphia,19, 'Tue',16, 'Fri',6, 'Mon'
Milk Boy(9999),2, 'Thu',1, 'Wed',,
The Bottle Shop,17, 'Fri',10, 'Wed',4, 'Sat'
WEGMANS COLLEGEVILLE,52, 'Sun',10, 'Mon',4, 'Fri'
Trestle Inn ,3, 'Fri',,,,
Cambridge,17, 'Mon',10, 'Tue',5, 'Fri'
Buy-Rite Beverage ,4, 'Thu',2, 'Fri',1, 'Wed'
Backyard Alehouse,12, 'Tue',3, 'Fri',2, 'Thu'
Stone's Beverage ,3, 'Tue',2, 'Mon',1, 'Thu'
Food & Friends Market,16, 'Thu',7, 'Wed',4, 'Fri'
Aramark At Citizens Bank Park,1, 'Sat',,,,
ALSACE ALES,1, 'Mon',,,,
Taphouse 23,4, 'Thu',2, 'Wed',1, 'Tue'
Brewers Outlet - Chadds Ford,11, 'Mon',10, 'Fri',8, 'Tue'
Beer Co,6, 'Fri',4, 'Thu',2, 'Wed'
2312,3, 'Fri',2, 'Wed',1, 'Sun'
Tornetta's Pizza,3, 'Wed',1, 'Thu',,
Roots Cafe,5, 'Mon',1, 'Tue',,
Zavino Midtown,2, 'Tue',1, 'Wed',,
McCloskey's  Tavern,7, 'Mon',2, 'Tue',,
Heirloom,1, 'Tue',,,,
Blind Pig,1, 'Mon',,,,
Kennett Beverage,2, 'Wed',1, 'Tue',,
BROWNIE'S PUB,2, 'Fri',,,,
Sellersville Beverage,8, 'Mon',5, 'Wed',2, 'Fri'
HORSHAM PUB,2, 'Mon',,,,
T.J.'s Drinkery,21, 'Fri',10, 'Tue',6, 'Mon'
Bridgewaters,3, 'Fri',2, 'Wed',1, 'Mon'
Hatfield Beverage,3, 'Mon',2, 'Tue',1, 'Wed'
INVENTORY ,15, 'Tue',12, 'Thu',10, 'Sun'
Beer Heaven,21, 'Fri',11, 'Mon',10, 'Sat'
UNION TAP NORTHEAST,3, 'Wed',2, 'Fri',1, 'Thu'
PIKES CREEK BEV,1, 'Tue',,,,
Fairway Beverage,5, 'Tue',3, 'Wed',2, 'Mon'
PJ WHELIHANS BLUE BELL,3, 'Mon',,,,
Barren Hill,3, 'Tue',1, 'Wed',,
Narberth Beverage Co.,18, 'Mon',8, 'Fri',4, 'Tue'
Opa Restaurant ($%$%),1, 'Mon',,,,
Crown Plaza,1, 'Tue',,,,
Global Beer Distributors(9999),85, 'Mon',79, 'Tue',17, 'Wed'
Beast And Ale,3, 'Mon',1, 'Fri',,
Park Towne Beverage,14, 'Mon',12, 'Wed',9, 'Fri'
OTOWN CRAFT HOUSE,1, 'Tue',,,,
High Street Cafe,4, 'Tue',1, 'Sat',,
Craft Beer Store Springfield,1, 'Thu',,,,
Sto's Bar,1, 'Sun',,,,
Frankford Hall (9999),1, 'Tue',,,,
REDHOUND GRILLE,2, 'Tue',,,,
VIP Market,37, 'Fri',21, 'Tue',17, 'Sat'
Pasquale's Sports Bar,2, 'Thu',1, 'Wed',,
ACME GRANITE RUN,21, 'Sun',14, 'Tue',8, 'Mon'
Green Rock Tavern,2, 'Wed',1, 'Mon',,
CAPITOL BEER,5, 'Thu',3, 'Mon',1, 'Tue'
WEIS CONSHOHACKEN,19, 'Sun',8, 'Fri',4, 'Mon'
ACME RED LION ROAD,2, 'Mon',,,,
Stadium Express,2, 'Fri',1, 'Wed',,
Tashan ,1, 'Tue',,,,
CLEAVERS,2, 'Thu',1, 'Wed',,
GIULIANO'S DELI,6, 'Wed',3, 'Thu',1, 'Tue'
Devil's Den (9999),8, 'Wed',7, 'Tue',3, 'Thu'
CASK BISTRO AND TAP,1, 'Wed',,,,
GREAT AMERICAN PUB PAOLI,1, 'Tue',,,,
Tria - Rittenhouse,7, 'Mon',2, 'Tue',1, 'Fri'
Krewstown Beverage Center,13, 'Fri',7, 'Sat',4, 'Wed'
Allegro Pizza,1, 'Thu',,,,
A Piermani & Son,8, 'Wed',6, 'Mon',3, 'Tue'
Gypsy Saloon,1, 'Sat',,,,
Pag's Pub,1, 'Wed',,,,
BIG WOODY'S,1, 'Mon',,,,
Hop Angel Brauhaus ,1, 'Tue',,,,
Super Value Beverage,13, 'Mon',9, 'Wed',8, 'Fri'
Paradise by the Slice,12, 'Fri',7, 'Mon',2, 'Sat'
APPLEBEES ROYERSFORD,3, 'Fri',1, 'Wed',,
Guppy's Conshohaken,1, 'Wed',,,,
Jake Solomon,1, 'Sat',,,,
Paoli Beverage,7, 'Tue',4, 'Mon',2, 'Fri'
Pourhouse North Wales,6, 'Mon',5, 'Fri',3, 'Tue'
WEGMANS DOWNINGTOWN,61, 'Sun',6, 'Mon',4, 'Fri'
Grace Tavern,3, 'Fri',1, 'Wed',,
Pavlish Beverage,10, 'Mon',7, 'Tue',5, 'Fri'
Rader Company (Distributor),7, 'Fri',6, 'Tue',5, 'Sat'
New Wave,3, 'Tue',2, 'Fri',1, 'Thu'
Mad Mex Wynnewood,9, 'Mon',,,,
Amada,4, 'Tue',2, 'Wed',1, 'Thu'
Palm Restaurant,2, 'Mon',1, 'Thu',,
Havertown Beverage,3, 'Tue',2, 'Fri',1, 'Mon'
Green Parrot,2, 'Tue',1, 'Wed',,
CHICKIES & PETE'S EAGLEVLLE (%%),3, 'Mon',1, 'Thu',,
Riverside Beverage,2, 'Mon',1, 'Wed',,
Goshen Beverage ,14, 'Tue',8, 'Fri',4, 'Mon'
PJ WHELIHANS READING,2, 'Tue',1, 'Mon',,
NEWTOWN SQUARE BEVERAGE,10, 'Tue',5, 'Fri',3, 'Sat'
The Bards,2, 'Tue',1, 'Wed',,
MORGANTOWN BEVERAGE ,6, 'Thu',3, 'Mon',,
Rembrandts,1, 'Mon',,,,
Finn McCools Ale House,1, 'Wed',,,,
Juniper  Commons %$%$,1, 'Thu',,,,
CITY TAP ARCH ST,5, 'Tue',2, 'Wed',1, 'Mon'
CAESARS VILLAGE APTS(%$%),1, 'Fri',,,,
Taproom on 19th Street,4, 'Thu',3, 'Mon',1, 'Sun'
151 SALOON,3, 'Tue',1, 'Sun',,
Rocko's Beverage,18, 'Fri',6, 'Tue',5, 'Sat'
Chris' Jazz Cafe,2, 'Tue',1, 'Fri',,
Magerks Pub Horsham,7, 'Mon',4, 'Wed',2, 'Tue'
Comcast Corp. ($%$%),1, 'Tue',,,,
Rockland Beverage,1, 'Mon',,,,
WEGMANS CONCORDVILLE,11, 'Sun',9, 'Fri',3, 'Mon'
Cantina - Dos Segundos,2, 'Tue',1, 'Fri',,
Convenient Food Market,1, 'Tue',,,,
Hunlock creek,0, 'Mon',,,,
Double Edge Sports Grill,11, 'Fri',2, 'Tue',1, 'Sat'
SOUTH HOUSE,2, 'Wed',1, 'Tue',,
D & S BEER DISTRIBUTORS,5, 'Fri',4, 'Mon',2, 'Wed'
El Camino (%%%%),3, 'Wed',1, 'Mon',,
Nevulis Bev (Schnecksville),3, 'Tue',1, 'Fri',,
Waywood Beverage Center,16, 'Mon',13, 'Tue',11, 'Fri'
Thriftway Port Richmond,38, 'Fri',11, 'Sat',9, 'Mon'
JOEY'S PIZZA,3, 'Tue',2, 'Mon',1, 'Wed'
Township Line Beverage,24, 'Tue',13, 'Mon',7, 'Fri'
Fat Ham,8, 'Mon',2, 'Tue',1, 'Sat'
Llama Tooth,3, 'Thu',2, 'Fri',1, 'Wed'
Dawson Street Pub,1, 'Mon',,,,
Stockertown Beverage,3, 'Tue',,,,
Dru Herger,1, 'Fri',,,,
BLARNEY STONE WEST CHESTER,3, 'Tue',2, 'Wed',1, 'Thu'
ANTHONY'S COAL FIRED EXTON (9999),1, 'Tue',,,,
Old Eagle Tavern,2, 'Tue',1, 'Wed',,
London Grill,1, 'Thu',,,,
PRINTZ BEV CO,2, 'Tue',1, 'Sun',,
Institute Bar (%%%%),3, 'Thu',2, 'Fri',1, 'Wed'
McGillicuddy's(Havertown),5, 'Thu',1, 'Wed',,
SLIGO,10, 'Tue',1, 'Sun',,
Mineo Brewer's Outlet,8, 'Tue',6, 'Fri',4, 'Mon'
GIANT ST DAVID'S ,2, 'Wed',1, 'Tue',,
Tomato Bistro,2, 'Mon',1, 'Wed',,
JET ROCK (ESCROW),2, 'Thu',1, 'Tue',,
Eulogy Belgian Tavern,2, 'Thu',1, 'Wed',,
Bainbridge Street Barrel House,14, 'Sat',11, 'Mon',6, 'Tue'
Speedy Beverage,1, 'Wed',,,,
BRICK AND MORTAR,2, 'Tue',1, 'Wed',,
ANASTASI RAW BAR,3, 'Thu',2, 'Mon',1, 'Wed'
Yardly Buisness Association,1, 'Thu',,,,
Tri Beer,3, 'Mon',2, 'Tue',1, 'Wed'
Wayne Beverage Exchange,8, 'Tue',5, 'Mon',2, 'Fri'
Roosevelt's (Bethlehem),2, 'Tue',1, 'Wed',,
HAN DYNASTY U. CITY,1, 'Wed',,,,
Hamilton Kitchen & Bar,3, 'Tue',,,,
WHOLE FOODS DEVON,34, 'Sat',22, 'Fri',15, 'Sun'
Split Rail Tavern,4, 'Fri',3, 'Tue',2, 'Mon'
Manayunk Tavern,1, 'Wed',,,,
Cascario's,3, 'Tue',1, 'Wed',,
Kelly's Taproom,2, 'Mon',1, 'Wed',,
Foodery - ROXBORO ,1, 'Thu',,,,
Domestic & Imported Beverage Inc.,17, 'Tue',14, 'Mon',12, 'Fri'
Drake Tavern,5, 'Fri',3, 'Mon',1, 'Tue'
Station Tap House Doylestown,3, 'Wed',2, 'Thu',1, 'Tue'
Penn Taproom,1, 'Fri',,,,
GAN INC,1, 'Mon',,,,
Philadelphia Game Labs,2, 'Sat',1, 'Wed',,
Trevose Beer,3, 'Mon',2, 'Tue',1, 'Wed'
WYOMING VALLEY BEV,9, 'Tue',2, 'Wed',,
GYPSY BLUE,2, 'Thu',1, 'Tue',,
DUNDERBAK'S,2, 'Tue',,,,
Bar 31,2, 'Mon',1, 'Tue',,
Mari's Six Pac & More,17, 'Fri',12, 'Mon',6, 'Tue'
Pottstown Beer Fest,1, 'Wed',,,,
Southern Cross Kitchen,2, 'Mon',1, 'Wed',,
Kings Corner,3, 'Mon',1, 'Thu',,
Bell Beverage Inc.,7, 'Fri',5, 'Tue',3, 'Thu'
Weis Pennsburg,4, 'Tue',2, 'Wed',1, 'Sun'
Taylor Beverage,2, 'Tue',,,,
La Peg (%$%$),8, 'Wed',3, 'Tue',2, 'Thu'
Bottle Bar East,19, 'Fri',12, 'Wed',8, 'Sat'
K'Town Pub,5, 'Thu',3, 'Mon',1, 'Tue'
Margarita's,4, 'Fri',2, 'Thu',,
Steam Pub,4, 'Wed',2, 'Tue',1, 'Thu'
WILLIAM STREET COMMONS,1, 'Thu',,,,
Edgemont Beer Dist,19, 'Fri',16, 'Tue',3, 'Wed'
Rittenhouse Hotel (9999),4, 'Fri',1, 'Wed',,
GIANT NORTH WALES,12, 'Sat',4, 'Sun',1, 'Wed'
WEGMANS NAZARETH,16, 'Mon',9, 'Tue',5, 'Fri'
SAINT DAVIDS GOLF CLUB,4, 'Tue',1, 'Wed',,
Earth Bread & Brewery,1, 'Wed',,,,
CICIONE BEVERAGE,2, 'Fri',1, 'Tue',,
Isaac Newton's,11, 'Wed',7, 'Mon',4, 'Fri'
ABES BETHLEHEM,15, 'Fri',13, 'Tue',10, 'Mon'
Franklin Mortgage Inv,12, 'Wed',7, 'Sat',6, 'Thu'
Bistro on Bridge,6, 'Wed',4, 'Mon',3, 'Tue'
Flannigan's Boathouse (Conshy),21, 'Mon',5, 'Tue',4, 'Wed'
Pub & Kitchen($%$%),3, 'Fri',1, 'Tue',,
Society Hill Beverage,26, 'Fri',17, 'Mon',9, 'Sat'
Urban Outfitters Beer Club,1, 'Thu',,,,
Loading Dock Bar & Grill,6, 'Tue',2, 'Fri',1, 'Sat'
Doobie's Bar,1, 'Tue',,,,
Beer City - Quakertown,9, 'Mon',6, 'Tue',4, 'Wed'
Quotations,1, 'Mon',,,,
Revolution House,5, 'Fri',1, 'Tue',,
University of THE ARTS(99),1, 'Fri',,,,
VIA MARCONI PIZZA PUB,7, 'Fri',4, 'Wed',3, 'Mon'
Slainte,1, 'Thu',,,,
Oyster House,1, 'Wed',,,,
Lansdale Beverage,2, 'Wed',,,,
WHOLE FOODS GLEN MILLS,24, 'Sat',22, 'Fri',11, 'Sun'
Teca Restaurant,1, 'Tue',,,,
Magerks Fort Washington,5, 'Mon',1, 'Wed',,
Jamison Pourhouse,2, 'Tue',1, 'Wed',,
Gullifty's,1, 'Wed',,,,
CITY TAP UNIVERSITY CITY,8, 'Thu',4, 'Mon',3, 'Tue'
Strange Brew Tavern,8, 'Tue',1, 'Thu',,
PIETROS PIZZERIA,4, 'Thu',3, 'Tue',1, 'Wed'
Corner Foodery,1, 'Mon',,,,
Cherry Street Tavern,2, 'Sat',1, 'Tue',,
SHOPRITE DREXEL HILL ,4, 'Tue',3, 'Sun',2, 'Mon'
Frankford Beverage,1, 'Fri',,,,
The Lucky Well,1, 'Wed',,,,
Good Stuff Eatery,2, 'Thu',1, 'Wed',,
Tir Na Nog,1, 'Sat',,,,
Mike's Tavern,8, 'Thu',7, 'Fri',4, 'Wed'
Oakmont National Pub,3, 'Tue',2, 'Wed',1, 'Thu'
FERMENTED PRODUCTIONS,4, 'Fri',1, 'Thu',,
Maxwells on Main Street,9, 'Fri',7, 'Tue',6, 'Thu'
Fountain Porter,3, 'Wed',1, 'Sat',,
Womelsdorf Beverage,17, 'Thu',6, 'Wed',5, 'Fri'
The Works / Building 24,8, 'Mon',6, 'Fri',3, 'Tue'
Chal-Brit Beverage ,4, 'Tue',2, 'Wed',1, 'Fri'
Beer Mart - Morrisville,2, 'Tue',1, 'Fri',,
Superior Beverage,41, 'Mon',8, 'Fri',5, 'Sun'
Bensalem Beer Distributors,32, 'Fri',13, 'Wed',4, 'Sat'
Phila Brewing Co.,1, 'Thu',,,,
BERKS BEER OUTLET,1, 'Mon',,,,
Harlan Beverge,16, 'Fri',10, 'Tue',5, 'Thu'
Memphis Tap Room,2, 'Wed',1, 'Thu',,
Rite-Buy Beer Distributor,12, 'Fri',5, 'Mon',1, 'Wed'
Cases & Kegs,7, 'Tue',5, 'Wed',3, 'Fri'
59 Almshouse,1, 'Wed',,,,
Beer Mart - Reading,27, 'Fri',17, 'Thu',13, 'Mon'
Brewers Bar and Grill,4, 'Fri',2, 'Wed',1, 'Sat'
Aston Beverage,5, 'Tue',1, 'Thu',,
Zen Beverage,10, 'Fri',3, 'Sat',1, 'Tue'
BAR BOMBON,2, 'Tue',1, 'Wed',,
TICKETLEAP $%$%$,5, 'Tue',3, 'Wed',1, 'Thu'
EZ Beverage,3, 'Mon',1, 'Tue',,
PINEVILLE TAVERN,1, 'Mon',,,,
APPLEBEES CENTER CITY,1, 'Wed',,,,
Mr. Bottle,9, 'Mon',8, 'Tue',2, 'Fri'
Tria - Washington Square,7, 'Mon',3, 'Tue',1, 'Fri'
Greeks Next Door,43, 'Mon',13, 'Fri',,
South Mountain Dist WERNERSVILLE,2, 'Tue',1, 'Wed',,
Girard Beverage,4, 'Tue',3, 'Thu',2, 'Wed'
Catahoula,1, 'Wed',,,,
Spinnerstown Hotel,8, 'Mon',3, 'Fri',2, 'Wed'
East Girard Gastro Pub,3, 'Tue',1, 'Wed',,
Los Camaradas,3, 'Sat',2, 'Fri',1, 'Wed'
Springfield Suds & Soda,3, 'Tue',2, 'Wed',1, 'Thu'
Pulse (9999),4, 'Tue',,,,
Frank Smith Beverage,37, 'Mon',26, 'Fri',12, 'Wed'
Dorneyville Beverage,2, 'Wed',1, 'Thu',,
Misconduct JFK Blvd,1, 'Sat',,,,
South Philly Tap Room,1, 'Wed',,,,
BAR ,1, 'Wed',,,,
Bryn Mawr Beverage,12, 'Fri',11, 'Tue',6, 'Mon'
HUMBOLDT BEER DEPOT,2, 'Tue',1, 'Wed',,
Springfield Beer PHILADELPHIA,8, 'Sat',7, 'Fri',4, 'Wed'
WEGMANS KING OF PRUSSIA,43, 'Sun',17, 'Fri',4, 'Tue'
ROLLING GREEN GOLF CLUB,1, 'Wed',,,,
Link Beverage ,17, 'Tue',8, 'Mon',7, 'Fri'
Lionville Beverage ,10, 'Mon',6, 'Fri',1, 'Wed'
Kopper Kettle,8, 'Wed',4, 'Mon',,
Beers Etc.,6, 'Wed',2, 'Tue',1, 'Fri'
BIRDSBORO BEVERAGE,1, 'Wed',,,,
PUB ON MAIN,1, 'Mon',,,,
Bare Burger ($%$%),1, 'Thu',,,,
MisConduct Tavern,4, 'Tue',3, 'Wed',2, 'Fri'
UNION TAP MANYUNK,7, 'Fri',4, 'Mon',3, 'Thu'
Brickhouse Bar & Grill,9, 'Wed',6, 'Tue',5, 'Mon'
Smokin Betty's,1, 'Tue',,,,
Broad Street Bullies,6, 'Tue',4, 'Fri',1, 'Wed'
Garret Hill Pizza,1, 'Wed',,,,
One Stop Beverage,5, 'Wed',4, 'Mon',3, 'Fri'
GIANT HAVERTOWN,27, 'Sun',5, 'Fri',2, 'Thu'
STOOGES,2, 'Tue',,,,
Pitchers Pub,4, 'Fri',3, 'Mon',2, 'Wed'
Cross Bar,1, 'Thu',,,,
VESUVIO - DRUM PA,1, 'Thu',,,,
KO Restaurant,3, 'Wed',2, 'Fri',1, 'Tue'
Toms Pizza Place,1, 'Tue',,,,
ARTS BALLROOM (99),1, 'Fri',,,,
MAGGIES WATERFRONT CAFE,1, 'Tue',,,,
VARIETY PACKS,4, 'Wed',3, 'Thu',2, 'Fri'
WEIS DOYLESTOWN ,23, 'Fri',13, 'Mon',11, 'Sat'
Tria Taproom,9, 'Mon',6, 'Thu',4, 'Tue'
Cottman Beverage,11, 'Mon',3, 'Tue',2, 'Wed'
Bohlin Cynski (%$%$),3, 'Thu',2, 'Wed',,
BEER BARON,1, 'Wed',,,,
Old Philly Ale House,19, 'Fri',6, 'Tue',5, 'Wed'
Exton Beverage,45, 'Tue',8, 'Fri',7, 'Mon'
Plaza Beverage (Pittston),11, 'Tue',5, 'Mon',1, 'Wed'
Townsend,2, 'Sat',1, 'Tue',,
Franklin Beverage9999,6, 'Wed',5, 'Tue',3, 'Fri'
Pats Beverage,8, 'Fri',5, 'Tue',4, 'Mon'
Mica,2, 'Tue',1, 'Wed',,
Ballast Point Brewing Co.,7, 'Tue',6, 'Wed',5, 'Mon'
Harrington's Beer Distributor,1, 'Tue',,,,
East Falls Beverage,6, 'Wed',3, 'Thu',2, 'Tue'
NESHAMINY BEVERAGE,2, 'Tue',1, 'Fri',,
RESTURANT 51,1, 'Tue',,,,
MCLAUGHLIN'S BEVERAGE,4, 'Wed',2, 'Tue',1, 'Thu'
Iron Abbey ,18, 'Mon',13, 'Fri',1, 'Wed'
PINOCCHIOS PIZZA,29, 'Fri',15, 'Mon',12, 'Tue'
WHITE MANOR COUNTRY CLUB,5, 'Mon',4, 'Fri',3, 'Wed'
Starr Restautant Catering Group(%%%%),1, 'Mon',,,,
Ugly Oyster,1, 'Thu',,,,
Diablo Smokehouse,1, 'Tue',,,,
ANTHONY'S COAL FIRED (HORSHAM) 9999,2, 'Thu',,,,
WEGMANS ALLENTOWN,46, 'Mon',7, 'Wed',6, 'Tue'
CJ's Doghouse,9, 'Wed',4, 'Fri',1, 'Tue'
Monk's Cafe,1, 'Fri',,,,
Cannstatter V V,4, 'Sat',1, 'Sun',,
Bound Beverage,32, 'Mon',25, 'Fri',18, 'Wed'
Percy Street BBQ,30, 'Mon',5, 'Tue',2, 'Fri'
PORTER HOUSE,2, 'Mon',1, 'Wed',,
ACME DEVON,11, 'Sun',8, 'Sat',3, 'Thu'
Tio Flores,2, 'Mon',1, 'Tue',,
Lima Beverage,2, 'Tue',1, 'Wed',,
Federal Deli,3, 'Fri',2, 'Mon',1, 'Wed'
Craft Manayunk,3, 'Mon',2, 'Wed',,
Hatboro Beverage,5, 'Fri',4, 'Tue',3, 'Wed'
Tony's Place,5, 'Wed',4, 'Fri',1, 'Tue'
TONIC DESIGN,1, 'Mon',,,,
Tinto,1, 'Sat',,,,
Whetstone Tavern,2, 'Mon',1, 'Tue',,
HERITAGE,2, 'Wed',1, 'Sun',,
Mac's Beverage,8, 'Mon',3, 'Tue',1, 'Wed'
Friends Of Washington's Crossing Beer Fest,1, 'Sun',,,,
CIVERA'S,2, 'Tue',1, 'Mon',,
BEER TOWN,1, 'Wed',,,,
From The Boot,4, 'Wed',2, 'Tue',,
Beer Peddlers,3, 'Wed',2, 'Tue',1, 'Fri'
Bridget Foy's,1, 'Thu',,,,
Bourbon & Branch,2, 'Tue',,,,
South Mountain Bev ALLENTOWN,3, 'Tue',2, 'Wed',,
Valley Beverage,6, 'Mon',5, 'Tue',4, 'Wed'
Deon Beverage BRISTOL,2, 'Wed',,,,
Flourtown Beverage,5, 'Wed',4, 'Mon',2, 'Tue'
Yardly Inn,1, 'Sat',,,,
Brewers Outlet - Philadelphia ,24, 'Fri',13, 'Thu',7, 'Wed'
MAIDEN CREEK DISTRIB,3, 'Fri',2, 'Thu',1, 'Wed'
Ridge Pike Beverage,4, 'Mon',3, 'Fri',1, 'Wed'
Railroad Street Bar and Grill,6, 'Wed',5, 'Thu',4, 'Fri'
Lorraine,2, 'Wed',,,,
Candlewick Tavern,3, 'Mon',1, 'Wed',,
RINGERS ROOST,1, 'Tue',,,,
Thorndale Beverage,2, 'Mon',,,,
Trappe Beer & Soda,9, 'Mon',2, 'Sat',1, 'Tue'
West Reading Tavern,7, 'Tue',4, 'Mon',3, 'Wed'
SUNSHINE BEVERAGE,2, 'Wed',,,,
The Beer Shoppe,45, 'Mon',12, 'Fri',8, 'Sat'
Brew Master ,3, 'Sat',2, 'Fri',,
Fingers Wings and Other Things,18, 'Fri',12, 'Mon',3, 'Tue'
Torre,2, 'Tue',,,,
GIANT DOYLESTOWN,1, 'Wed',,,,
Sixty-One Brew-Thru,8, 'Thu',7, 'Fri',4, 'Wed'
Pappous Pizza Pub,1, 'Wed',,,,
French Quarter Bistro,5, 'Mon',2, 'Tue',1, 'Wed'
COOPERS SEAFOOD PITTSTON,2, 'Thu',,,,
Strangelove's,1, 'Sat',,,,
North Wales Beer Dist,10, 'Mon',3, 'Tue',2, 'Sat'
WEIS HUNTINGDON VALLEY,10, 'Fri',5, 'Sat',4, 'Thu'
ACME SOUTH PHILLY,9, 'Tue',4, 'Wed',2, 'Sat'
Hulmeville Inn ,5, 'Mon',2, 'Wed',,
Pizzeria Vetri CHANCELLOR,2, 'Thu',1, 'Wed',,
Ben Franklin Beer,2, 'Wed',1, 'Thu',,
Good King Tavern ,5, 'Mon',3, 'Wed',2, 'Tue'
The Tap Room Sports Bar%%%%%,4, 'Tue',3, 'Mon',,
HARROW BEVERAGE,2, 'Wed',1, 'Tue',,
Lansdale Beer Fest,1, 'Thu',,,,
GOLDEN COAST BEER,9, 'Fri',6, 'Tue',5, 'Sat'
McStew's Irish Pub,3, 'Mon',1, 'Tue',,
PHS POP UP SOUTH STREET,6, 'Fri',5, 'Sat',2, 'Mon'
Canal Street Pub,14, 'Fri',6, 'Thu',4, 'Mon'
Worldwide Beverage,5, 'Fri',3, 'Wed',2, 'Thu'
Fire & Ice,1, 'Mon',,,,
Southgate,2, 'Mon',1, 'Wed',,
Shelton Bros.,1, 'Tue',,,,
Joey B,2, 'Mon',1, 'Tue',,
Beer-A-Rama,2, 'Wed',1, 'Tue',,
Moore Beverage,25, 'Fri',15, 'Mon',7, 'Sat'
Garage,27, 'Fri',9, 'Wed',3, 'Tue'
Tosco,3, 'Wed',1, 'Thu',,
Bloktoberfest Inc.,8, 'Tue',6, 'Thu',3, 'Mon'
Flip & Bailey's,1, 'Mon',,,,
Dan Dan,1, 'Mon',,,,
Tanczos - Northampton,16, 'Tue',15, 'Mon',5, 'Fri'
Goff's Suds & Soda,2, 'Tue',,,,
ACME DOYLESTOWN ,8, 'Fri',7, 'Sat',4, 'Wed'
Trolley Car Diner,2, 'Fri',,,,
Union Jacks - Manatawny,10, 'Thu',3, 'Mon',2, 'Fri'
Beer World,25, 'Fri',12, 'Mon',9, 'Wed'
Jack's Draft House ($%$%),1, 'Tue',,,,
A.Kitchen,2, 'Mon',1, 'Thu',,
Cooperage {ESCROW},5, 'Wed',2, 'Tue',1, 'Thu'
Good Dog,2, 'Mon',1, 'Tue',,
OK BEER MAN BEER DIST,3, 'Fri',2, 'Tue',,
SHANGY'S BEER ,13, 'Tue',5, 'Fri',3, 'Mon'
SERPICO,3, 'Fri',2, 'Wed',1, 'Thu'
Joe's Six-Pack,7, 'Tue',2, 'Mon',,
Bertucci's (Montgomeryville),1, 'Tue',,,,
Beer Store Malvern,5, 'Tue',4, 'Fri',3, 'Sun'
Time Restaurant ,1, 'Wed',,,,
Broad Axe Tavern ($%$%),2, 'Fri',1, 'Mon',,
Liberty Union Bar & Grill,8, 'Fri',2, 'Tue',1, 'Mon'
BRIDGIDS,1, 'Wed',,,,
RIVERCREST GOLF CLUB (%&%&),5, 'Mon',3, 'Sat',1, 'Wed'
GIANT FLOURTOWN ,12, 'Sun',3, 'Mon',1, 'Wed'
Birra,1, 'Tue',,,,
B & B Beverage,30, 'Mon',25, 'Fri',11, 'Tue'
Alla Spinna,2, 'Thu',1, 'Tue',,
Goats Beard,4, 'Wed',3, 'Mon',1, 'Tue'
Arcweb %$%$,1, 'Fri',,,,
Rainbow BruThru,4, 'Tue',1, 'Wed',,
Pickering Creek Inn,9, 'Tue',1, 'Mon',,
La Calaca Feliz,1, 'Fri',,,,
WEIS BETHLEHEM,2, 'Fri',1, 'Thu',,
BLACK POWDER TAVERN,1, 'Mon',,,,
HUNGRY PIGEON,1, 'Wed',,,,
North Shore Beach Club,1, 'Tue',,,,
FOOD & FRIENDS 5TH STREET,4, 'Wed',2, 'Mon',,
ABE'S ALLENTOWN,2, 'Tue',1, 'Fri',,
Epps Beverage Inc.,16, 'Fri',15, 'Mon',12, 'Wed'
Barley Mow,16, 'Tue',12, 'Fri',11, 'Mon'
SHOPRITE BENSALEM ,9, 'Sun',7, 'Mon',4, 'Fri'
Santino's Family Restaurant,7, 'Fri',2, 'Sat',1, 'Wed'
Reading Liederkranz,1, 'Thu',,,,
3RD AND GIRARD,1, 'Thu',,,,
GIANT EXTON ,11, 'Sun',10, 'Mon',5, 'Fri'
West Lawn Beverage,8, 'Mon',3, 'Fri',2, 'Thu'
Penny Pack Beverage,1, 'Fri',,,,
JP MacGrady's,2, 'Tue',,,,
Cook and Shaker,5, 'Sat',4, 'Thu',3, 'Mon'
Cedar Point Bar And Kitchen,1, 'Tue',,,,
GAT BEER,3, 'Fri',1, 'Wed',,
Union Jacks - Glenside,4, 'Wed',2, 'Mon',1, 'Thu'
Beer Outlet,15, 'Fri',12, 'Wed',3, 'Tue'
AMERICAN BAR & GRILL,1, 'Tue',,,,
Triangle Tavern,3, 'Tue',2, 'Mon',1, 'Fri'
Red Tettemer(%%99),7, 'Mon',6, 'Tue',3, 'Thu'
Philly Beer Company,6, 'Wed',4, 'Thu',2, 'Tue'
Luckys Last Chance,3, 'Fri',2, 'Mon',1, 'Tue'
Franks American Pub,6, 'Sun',1, 'Tue',,
Talula's Garden *,1, 'Sat',,,,
Matthew's Beverage,2, 'Mon',1, 'Tue',,
Federal Beer Dist,19, 'Fri',7, 'Mon',6, 'Sat'
Giant Willow Grove,2, 'Fri',1, 'Mon',,
Jet Wine Bar,8, 'Tue',5, 'Wed',4, 'Fri'
Porter's Pub,2, 'Tue',1, 'Mon',,
Tanczos - Bethlehem,35, 'Mon',16, 'Fri',7, 'Tue'
SAM'S BRICK OVEN PIZZA ,5, 'Fri',4, 'Wed',1, 'Tue'
J & J DELI,12, 'Mon',2, 'Tue',1, 'Wed'
AUDUBON ALE HOUSE,3, 'Wed',1, 'Tue',,
Eddington House,2, 'Thu',1, 'Mon',,
Whip Tavern,2, 'Sat',1, 'Wed',,
Bob & Barbaras,5, 'Wed',4, 'Thu',3, 'Fri'
Fox & Hound Pub,2, 'Wed',,,,
KOP Beer (Valley Forge Beverage),22, 'Mon',21, 'Fri',3, 'Tue'
12 Steps Down,24, 'Mon',1, 'Fri',,
National Mechanics ($%$%),1, 'Mon',,,,
La Casa de tu Madre,2, 'Tue',1, 'Wed',,
SHOPRITE FAIRLESS HILLS,10, 'Sun',1, 'Wed',,
Parkway Corner Deli,7, 'Mon',6, 'Tue',4, 'Wed'
COSMOS,5, 'Wed',,,,
Twenty Manning (%%),3, 'Fri',2, 'Mon',1, 'Wed'
Nomad Roman,1, 'Fri',,,,
CHICKIES & PETE'S PACKER AVE (%%),2, 'Tue',,,,
Tria - Fitler Sq,8, 'Mon',2, 'Tue',1, 'Fri'
TOWN FOOD MARKET,2, 'Mon',,,,
Jamison's Beer Distributor,4, 'Wed',1, 'Tue',,
Station Tap Room,10, 'Tue',1, 'Fri',,
Industry ,4, 'Fri',3, 'Mon',1, 'Thu'
ALE HOUSE NEWTOWN SQUARE,1, 'Thu',,,,
Acker Beverage,1, 'Wed',,,,
Beer Guys,12, 'Tue',4, 'Mon',2, 'Wed'
MR BEER,3, 'Fri',2, 'Tue',1, 'Thu'
BRICK AND BARREL,3, 'Thu',2, 'Fri',1, 'Wed'
Union Jack's - Olde Congo,16, 'Wed',7, 'Mon',3, 'Tue'
J & H BEER,7, 'Tue',4, 'Wed',3, 'Fri'
Fresh Grocer Philly (ESCROW),14, 'Mon',4, 'Tue',3, 'Sun'
Skippack Beverage,19, 'Fri',10, 'Mon',5, 'Tue'
Pennsport Beer Boutique,1, 'Tue',,,,
Kildare's Scranton,1, 'Wed',,,,
Original Sin Cider Corp,2, 'Sat',,,,
DUFFERS PUB,4, 'Mon',1, 'Tue',,
The Crow And The Pitcher,2, 'Thu',1, 'Tue',,
BUCKMINSTER'S,1, 'Wed',,,,
Sbraga,5, 'Mon',2, 'Sat',1, 'Wed'
Quaker City Mercantile($%$%),1, 'Thu',,,,
El Barrio,8, 'Tue',4, 'Wed',3, 'Fri'
Stadium Andalusia,1, 'Wed',,,,
Franky Bradleys,2, 'Sat',1, 'Wed',,
Worcester Beverage,2, 'Tue',,,,
CORKED,1, 'Wed',,,,
CORK & CAGE,5, 'Tue',3, 'Mon',1, 'Wed'
BIG TOP BEVERAGE PHILLY,4, 'Mon',2, 'Tue',1, 'Wed'
Newportville Inn,4, 'Wed',1, 'Mon',,
BIKE STOP,1, 'Wed',,,,
BREW COFFEE BAR,7, 'Tue',4, 'Mon',3, 'Fri'
TAPS TAVERN,1, 'Tue',,,,
Barcade,2, 'Wed',1, 'Mon',,
Vintage Wine Bar ($%99),2, 'Tue',,,,
Craft Beer Shoppe Philadelphia,4, 'Fri',2, 'Mon',1, 'Sat'
Coventry Beer Station,2, 'Thu',1, 'Tue',,
Northeast Beverage (Castor Ave),25, 'Fri',22, 'Wed',15, 'Tue'
DUNBAR BOTTLING CO INC,9, 'Tue',3, 'Mon',1, 'Wed'
WEGMANS WILKES BARRE 999999,1, 'Tue',,,,
Applebrook Golf Club,5, 'Thu',2, 'Wed',1, 'Mon'
Buffalo Billiards,1, 'Mon',,,,
Wayne Hotel/Paramour,2, 'Thu',1, 'Fri',,
Olde Indian Valley Inn,1, 'Thu',,,,
Georgetown Deli & Beer (99),12, 'Tue',3, 'Sat',2, 'Fri'
Local 44 BOTTLE SHOP,25, 'Fri',15, 'Sun',10, 'Tue'
PJ WHELIHANS DOWNINGTOWN ,2, 'Tue',,,,
Glenside Pub,4, 'Mon',2, 'Tue',1, 'Wed'
CRAFTY'S ,1, 'Tue',,,,
WEIS NORRISTOWN,12, 'Sun',6, 'Mon',4, 'Fri'
Thirsty's Beer,19, 'Mon',12, 'Fri',5, 'Wed'
SCHIEL BEVERAGE,4, 'Tue',,,,
BRU CRAFT AND WURST,13, 'Fri',8, 'Tue',6, 'Thu'
RED STAR EXTON,15, 'Tue',4, 'Mon',3, 'Fri'
Thrifty Beverage,2, 'Tue',,,,
GOLDEN BEVERAGE,6, 'Wed',2, 'Tue',1, 'Thu'
Volpes Sports Bar,2, 'Tue',1, 'Wed',,
Six Pack Store,1, 'Thu',,,,
Newtown Fire Association,2, 'Tue',1, 'Wed',,
Xilantro,1, 'Tue',,,,
Watkins Drinkery,2, 'Mon',,,,
Latimer Deli,3, 'Thu',2, 'Wed',,
FIUME- NO HAND CARTS,25, 'Fri',8, 'Sat',6, 'Sun'
Kite & Key ,4, 'Thu',3, 'Wed',2, 'Sat'
Two Stones Pub,4, 'Mon',2, 'Tue',1, 'Sat'
Liberty Taproom,15, 'Fri',7, 'Mon',5, 'Thu'
Springfield Bevg. Suburbs,1, 'Wed',,,,
Charlie Was A Sinner(%$%$%),1, 'Tue',,,,
Post & Schell,1, 'Tue',,,,
Sancho Pistolas,1, 'Wed',,,,
LIBERTY PROPERTY TRUST,1, 'Tue',,,,
Austin Beverage,18, 'Fri',11, 'Mon',2, 'Tue'
Penn Thrift Beverage,2, 'Fri',1, 'Tue',,
Craft Ale House,23, 'Mon',2, 'Sat',1, 'Wed'
Rams Head Bar & Grill,12, 'Tue',3, 'Fri',,
NYX,7, 'Tue',,,,
Petruce Et Al.,3, 'Tue',1, 'Wed',,
Brickside Grille,6, 'Tue',1, 'Wed',,
Lucky Dog Saloon,2, 'Wed',,,,
Pourhouse Pottstown,11, 'Mon',4, 'Wed',2, 'Fri'
Joe Burn's Beverage,14, 'Mon',6, 'Tue',4, 'Fri'
The Fitler Dining Room ,2, 'Sat',1, 'Wed',,
Copperhead Grille,2, 'Tue',,,,
Ron's Original Bar & Grille,5, 'Tue',2, 'Wed',1, 'Mon'
Dominick's Side Door Pub,3, 'Wed',2, 'Fri',1, 'Sat'
Brady's Global Bistro,3, 'Thu',1, 'Wed',,
HOLIDAY INN (BREINGSVILLE),2, 'Mon',,,,
BREAKAGE,4, 'Mon',3, 'Fri',2, 'Tue'
Belgian Cafe,1, 'Tue',,,,
Vedge Restaurant (%9%9),4, 'Fri',3, 'Mon',2, 'Sat'
WASCO BEER,3, 'Tue',2, 'Wed',1, 'Thu'
Mojito,3, 'Wed',1, 'Thu',,
Champps (KOP),6, 'Wed',2, 'Tue',1, 'Mon'
Harry's Blue Bell Taproom,12, 'Fri',7, 'Mon',4, 'Tue'
Pizzeria Vetri CALLOWHILL,5, 'Tue',3, 'Wed',1, 'Sun'
SAN BEVERAGE,22, 'Mon',4, 'Wed',3, 'Fri'
Flying Pig Saloon,4, 'Tue',3, 'Thu',2, 'Mon'
COACH'S BEER & SODA,3, 'Mon',1, 'Thu',,
Lou Beverage,8, 'Tue',5, 'Mon',3, 'Fri'
Nomad Pizza,2, 'Wed',1, 'Sun',,
Urban Saloon,5, 'Mon',2, 'Tue',1, 'Sat'
Vintage Bar & Grill,2, 'Mon',1, 'Thu',,
North 3rd,4, 'Fri',3, 'Mon',2, 'Thu'
ACME FLOURTOWN,6, 'Tue',5, 'Fri',4, 'Sun'
Whitpain Beverage,3, 'Mon',,,,
320 Market Cafe Media,7, 'Tue',1, 'Wed',,
Drinkers - Market St.,1, 'Thu',,,,
Animal Rescue Partners,1, 'Wed',,,,
Blue Dog Pub (Lansdale),6, 'Mon',5, 'Wed',2, 'Thu'
Doc's World of Beer,17, 'Fri',7, 'Thu',5, 'Wed'
Tattooed Moms,2, 'Wed',1, 'Fri',,
Mint Gastropub,2, 'Mon',1, 'Wed',,
BOTTLES PACKS & GROWLERS,6, 'Fri',2, 'Tue',1, 'Wed'
Millers Ale House Springfield,1, 'Mon',,,,
BIG TOP BEVERAGE ROSLYN,37, 'Mon',23, 'Fri',11, 'Wed'
320 Market Cafe Swarthmore,44, 'Tue',12, 'Mon',8, 'Fri'
P'unk Ave (%) 99),2, 'Wed',1, 'Thu',,
Olde Bar,5, 'Tue',4, 'Fri',3, 'Sun'
GRAIN EXCHANGE,1, 'Mon',,,,
Pat Deon Beverage,17, 'Fri',9, 'Mon',3, 'Tue'
BIERSTUBE,2, 'Thu',,,,
Starfish Junction Productions (%%%%),4, 'Wed',2, 'Thu',1, 'Tue'
Uno's Warrington,1, 'Tue',,,,
Lo Spiedo,1, 'Sat',,,,
Jose Pistolas,4, 'Fri',2, 'Mon',1, 'Tue'
Irish Rover Station House,4, 'Mon',,,,
STATESIDE (ESCOW),2, 'Thu',1, 'Wed',,
Gunner's Run,1, 'Fri',,,,
V STREET $%$%$,3, 'Tue',2, 'Fri',,
Island Pizza,2, 'Thu',,,,
Richboro Beer and Soda Inc,26, 'Fri',8, 'Mon',7, 'Tue'
Kensington Quarters,2, 'Sat',1, 'Mon',,
TNK,6, 'Mon',2, 'Wed',1, 'Fri'
BLUECADET,1, 'Tue',,,,
Smokey Pints,2, 'Wed',1, 'Sat',,
Harleysville Beverage,8, 'Mon',4, 'Sat',3, 'Fri'
BROAD STREET ALE CAFE,4, 'Mon',2, 'Fri',1, 'Wed'
Pourhouse Exton ,12, 'Tue',7, 'Fri',2, 'Sun'
WHOLE FOODS PLYMOUTH MTG,27, 'Fri',20, 'Sun',6, 'Mon'
Northern Liberties Beer,15, 'Fri',2, 'Wed',1, 'Thu'
Beer Stop Colmar,13, 'Mon',3, 'Tue',1, 'Wed'
Vetri ($%$%$),1, 'Wed',,,,
Fette Sau,1, 'Sun',,,,
Pasquallys Pizza,8, 'Fri',3, 'Wed',2, 'Thu'
Taqueria Feliz,1, 'Tue',,,,
Boom-A-Rang Beverage,2, 'Tue',,,,
Trapp Door,7, 'Tue',2, 'Fri',1, 'Wed'
Coopers Seafood House,8, 'Fri',2, 'Tue',,
Devil's Alley(9999),2, 'Tue',1, 'Wed',,
PERKIOMEN DISTRIBUTORS,2, 'Tue',1, 'Wed',,
Quakertown Beverage,6, 'Fri',3, 'Tue',2, 'Wed'
Smokey Bones,2, 'Wed',1, 'Sun',,
Beer Store Southampton,1, 'Tue',,,,
Kildare's West Chester,8, 'Tue',4, 'Sun',,
Valley Forge Casino,4, 'Mon',3, 'Tue',1, 'Fri'
Barbone Beverage ,2, 'Thu',1, 'Wed',,
Abbaye,1, 'Thu',,,,
Ambler Beverage Exchange,23, 'Mon',9, 'Fri',4, 'Sat'
VESPER,3, 'Tue',2, 'Wed',1, 'Sun'
Beer City - Philadelphia,3, 'Fri',2, 'Wed',1, 'Tue'
White Marsh Beverage,14, 'Mon',6, 'Fri',5, 'Sat'
RYANS HOUSE,1, 'Wed',,,,
Keystone Pub,5, 'Mon',4, 'Tue',1, 'Thu'
Ortino's,1, 'Wed',,,,
Locust Bar,1, 'Wed',,,,
RyBrew,13, 'Thu',11, 'Mon',10, 'Tue'
SUMMIT BEVERAGE,6, 'Tue',,,,
Jerzee's Bar,6, 'Wed',3, 'Mon',2, 'Tue'
North End Beverage,14, 'Fri',8, 'Mon',3, 'Wed'
Tavern on Broad,1, 'Fri',,,,
DO NOT USE!!!,2, 'Sat',1, 'Tue',,
2nd Street Brew House,6, 'Fri',3, 'Thu',1, 'Tue'
Neuf (%%%%),3, 'Tue',1, 'Fri',,
THE BARN ($%$%),1, 'Mon',,,,
BERNIE'S,2, 'Wed',,,,
Fall's Taproom,3, 'Mon',1, 'Tue',,
Moriarty's (9999),7, 'Sat',5, 'Wed',3, 'Fri'
Draught Horse,2, 'Mon',1, 'Tue',,
ROAR,9, 'Tue',3, 'Mon',1, 'Wed'
Varga Bar,4, 'Tue',3, 'Thu',1, 'Wed'
Southampton Beverage Co.,12, 'Fri',10, 'Mon',7, 'Wed'
Irish Pol,2, 'Fri',1, 'Tue',,
Pioneer Distributing Co,5, 'Tue',1, 'Wed',,
Quality Beverage of NEPA,1, 'Mon',,,,
KC PRIME,2, 'Wed',1, 'Tue',,
Ortlieb's,2, 'Wed',1, 'Mon',,
FLEETWOOD BEVERAGES,11, 'Fri',5, 'Thu',3, 'Sat'
Dog and Bull ,8, 'Fri',5, 'Wed',4, 'Mon'
Rubb,1, 'Fri',,,,
Frosty Caps Inc,14, 'Mon',7, 'Tue',4, 'Sat'
WEGMANS WARRINGTON,45, 'Sun',5, 'Fri',4, 'Mon'
Limerick Beverage ,9, 'Mon',5, 'Wed',1, 'Thu'
Newtown Suds,11, 'Fri',8, 'Tue',2, 'Wed'
McCrossen's Tavern,3, 'Wed',2, 'Thu',,
Hawthornes Cafe(9999),37, 'Sun',19, 'Fri',13, 'Mon'
Drafting Room Exton,9, 'Fri',6, 'Tue',4, 'Sun'
JKR Partners ($%$%),1, 'Fri',,,,
SIDE BAR ,18, 'Fri',5, 'Tue',2, 'Wed'
D & R Beverage,1, 'Mon',,,,
VESUVIO- WILKES BARRE,3, 'Tue',1, 'Sat',,
Sample,3, 'Thu',1, 'Wed',,
Dandelion*,2, 'Mon',1, 'Thu',,
Cantina Feliz,1, 'Mon',,,,
APPLEBEES ROXBOROUGH,2, 'Tue',,,,
Beverage Zone,13, 'Wed',2, 'Thu',,
West End Beverage,1, 'Wed',,,,
WHATS BREWIN ALE SHOPPE,7, 'Tue',2, 'Mon',,
Manoa Beverage,2, 'Tue',,,,
Spor's General Store,3, 'Wed',1, 'Tue',,
Frontier Saloon,4, 'Mon',3, 'Tue',2, 'Wed'
Cold Beverage Station,7, 'Mon',3, 'Fri',2, 'Tue'
Baggataway Tavern,5, 'Mon',4, 'Tue',2, 'Wed'
Beer Boys Dych Inc.,1, 'Mon',,,,
Cedar Hollow Inn,5, 'Tue',3, 'Wed',1, 'Thu'
Windsor Distributing,3, 'Wed',2, 'Thu',1, 'Mon'
Rex 1516,4, 'Mon',2, 'Tue',,
Mad Greek's,1, 'Wed',,,,
KeswickTavern,2, 'Thu',,,,
Blue Dog Tavern (Chalfont),7, 'Mon',4, 'Wed',2, 'Thu'
McGlinchey's Bar & Grill,4, 'Thu',3, 'Fri',1, 'Tue'
Prohibition Tap Room,6, 'Fri',5, 'Thu',4, 'Wed'
Con Murphy's,2, 'Tue',1, 'Mon',,
In Riva,1, 'Sat',,,,
Mad Mex University City,3, 'Mon',1, 'Thu',,
Garrett Hill Ale House,3, 'Fri',2, 'Sun',1, 'Wed'
BRICK AND BREW,3, 'Tue',2, 'Wed',1, 'Sun'
WEGMANS EASTON (ESCROW),1, 'Tue',,,,
Prime-stache,1, 'Fri',,,,
Mad Mex Willow Grove ,5, 'Mon',2, 'Tue',,
Xfinity Live,3, 'Tue',1, 'Wed',,
American Sardine Bar,10, 'Fri',6, 'Wed',3, 'Tue'
Kennett Brew Fest,1, 'Tue',,,,
CENTRO,1, 'Wed',,,,
Crown Beverage,2, 'Tue',1, 'Wed',,
Dettera,1, 'Wed',,,,
Chaps Tap Room,5, 'Mon',2, 'Sat',,
